t_ms,theta_deg,theta_dot_dps,x_m,x_dot_ms,u_pwm,setpoint_deg,modo
211.0,-0.14,2.2,-0.0088,0.0,-4.0,0.0,0.0
231.0,-0.08,1.1,-0.0086,0.012,-3.0,0.0,0.0
251.0,-0.11,-1.0,-0.0085,0.012,-8.0,0.0,0.0
271.0,-0.12,2.1,-0.0084,0.012,-3.0,0.0,0.0
291.0,-0.09,0.9,-0.0082,0.0,-3.0,0.0,0.0
311.0,-0.11,-0.1,-0.0081,0.0,-6.0,0.0,0.0
331.0,-0.1,3.6,-0.008,0.0,0.0,0.0,0.0
351.0,-0.05,0.1,-0.0079,0.0,-2.0,0.0,0.0
371.0,-0.09,-1.6,-0.0079,0.0,-7.0,0.0,0.0
391.0,-0.1,3.4,-0.0079,0.0,0.0,0.0,0.0
411.0,-0.05,-0.4,-0.0079,0.0,-3.0,0.0,0.0
431.0,-0.1,0.8,-0.0079,0.0,-4.0,0.0,0.0
451.0,-0.07,2.9,-0.0078,0.0,0.0,0.0,0.0
471.0,-0.05,-0.4,-0.0078,0.0,-3.0,0.0,0.0
491.0,-0.04,4.2,-0.0078,0.0,5.0,0.0,0.0
511.0,0.02,1.2,-0.0079,-0.012,3.0,0.0,0.0
531.0,0.06,2.7,-0.008,-0.012,8.0,0.0,0.0
551.0,0.12,3.4,-0.0082,-0.012,13.0,0.0,0.0
571.0,0.18,3.7,-0.0085,-0.024,17.0,0.0,0.0
591.0,0.22,-0.2,-0.0088,-0.024,13.0,0.0,0.0
611.0,0.21,-7.9,-0.0092,-0.012,-1.0,0.0,0.0
631.0,0.02,-10.3,-0.0096,-0.012,-16.0,0.0,0.0
651.0,-0.02,4.6,-0.0097,-0.012,6.0,0.0,0.0
671.0,0.08,5.5,-0.0097,0.0,14.0,0.0,0.0
691.0,0.17,-6.5,-0.0098,-0.012,-1.0,0.0,0.0
711.0,0.04,-1.9,-0.0099,-0.012,0.0,0.0,0.0
731.0,0.1,4.2,-0.0099,0.0,12.0,0.0,0.0
751.0,0.16,-7.2,-0.01,-0.012,-2.0,0.0,0.0
771.0,0.01,-1.8,-0.0102,-0.012,-2.0,0.0,0.0
791.0,0.07,1.8,-0.0102,0.0,7.0,0.0,0.0
811.0,0.07,-7.4,-0.0102,0.0,-8.0,0.0,0.0
831.0,-0.02,1.3,-0.0102,0.0,1.0,0.0,0.0
851.0,0.05,-1.2,-0.01,0.0,0.0,0.0,0.0
871.0,0.01,-4.9,-0.01,0.0,-7.0,0.0,0.0
891.0,-0.06,-3.8,-0.01,0.0,-9.0,0.0,0.0
911.0,-0.13,-4.8,-0.0099,0.012,-15.0,0.0,0.0
931.0,-0.21,-5.9,-0.0097,0.012,-22.0,0.0,0.0
951.0,-0.32,-5.3,-0.0093,0.024,-27.0,0.0,0.0
971.0,-0.45,-0.9,-0.009,0.024,-28.0,0.0,0.0
991.0,-0.38,10.5,-0.0085,0.024,-4.0,0.0,0.0
1011.0,-0.16,8.5,-0.008,0.024,5.0,0.0,0.0
1031.0,-0.08,3.0,-0.0078,0.012,0.0,0.0,0.0
1051.0,-0.06,-6.0,-0.0076,0.012,-13.0,0.0,0.0
1071.0,-0.27,-0.8,-0.0075,0.012,-17.0,0.0,0.0
1091.0,-0.2,8.6,-0.0074,0.012,2.0,0.0,0.0
1111.0,-0.11,-0.7,-0.0072,0.012,-7.0,0.0,0.0
1131.0,-0.19,1.4,-0.0071,0.012,-8.0,0.0,0.0
1151.0,-0.08,5.4,-0.0069,0.012,4.0,0.0,0.0
1171.0,-0.06,-4.3,-0.0069,0.0,-11.0,0.0,0.0
1191.0,-0.15,1.1,-0.0069,0.0,-6.0,0.0,0.0
1211.0,-0.08,5.5,-0.0068,0.0,4.0,0.0,0.0
1231.0,-0.05,-3.2,-0.0068,0.0,-8.0,0.0,0.0
1251.0,-0.11,2.3,-0.0068,0.0,-2.0,0.0,0.0
1271.0,-0.01,3.9,-0.0068,0.0,6.0,0.0,0.0
1291.0,0.04,-0.1,-0.0069,0.0,2.0,0.0,0.0
1311.0,0.02,1.9,-0.0071,-0.012,4.0,0.0,0.0
1331.0,0.09,3.5,-0.0072,-0.012,11.0,0.0,0.0
1351.0,0.15,4.2,-0.0074,-0.012,16.0,0.0,0.0
1371.0,0.23,3.4,-0.0076,-0.012,19.0,0.0,0.0
1391.0,0.26,-1.8,-0.008,-0.024,12.0,0.0,0.0
1411.0,0.24,-10.0,-0.0085,-0.024,-2.0,0.0,0.0
1431.0,-0.04,-9.9,-0.0087,0.0,-19.0,0.0,0.0
1451.0,-0.04,4.6,-0.0088,0.0,5.0,0.0,0.0
1471.0,0.05,5.8,-0.0088,0.0,12.0,0.0,0.0
1491.0,0.13,-2.6,-0.009,-0.012,3.0,0.0,0.0
1511.0,0.17,-1.9,-0.0092,-0.012,6.0,0.0,0.0
1531.0,0.11,-6.6,-0.0093,-0.012,-4.0,0.0,0.0
1551.0,0.02,0.1,-0.0093,0.0,1.0,0.0,0.0
1571.0,0.09,3.2,-0.0093,0.0,11.0,0.0,0.0
1591.0,0.14,-8.9,-0.0094,-0.012,-7.0,0.0,0.0
1611.0,-0.01,-0.2,-0.0094,0.0,0.0,0.0,0.0
1631.0,0.04,0.5,-0.0094,0.0,3.0,0.0,0.0
1651.0,0.02,-9.1,-0.0094,0.0,-14.0,0.0,0.0
1671.0,-0.07,-1.2,-0.0094,0.0,-6.0,0.0,0.0
1691.0,-0.07,-2.7,-0.0093,0.0,-9.0,0.0,0.0
1711.0,-0.17,-7.2,-0.0091,0.012,-22.0,0.0,0.0
1731.0,-0.29,-6.0,-0.0087,0.012,-27.0,0.0,0.0
1751.0,-0.35,-0.8,-0.0084,0.024,-22.0,0.0,0.0
1771.0,-0.33,7.3,-0.0079,0.024,-7.0,0.0,0.0
1791.0,-0.18,9.1,-0.0074,0.024,4.0,0.0,0.0
1811.0,-0.04,2.1,-0.0072,0.012,1.0,0.0,0.0
1831.0,-0.05,-9.5,-0.0072,0.0,-19.0,0.0,0.0
1851.0,-0.28,-3.0,-0.0071,0.012,-21.0,0.0,0.0
1871.0,-0.34,6.0,-0.0068,0.012,-9.0,0.0,0.0
1891.0,-0.22,3.8,-0.0066,0.012,-6.0,0.0,0.0
1911.0,-0.17,3.3,-0.0063,0.012,-4.0,0.0,0.0
1931.0,-0.11,3.6,-0.0061,0.012,0.0,0.0,0.0
1951.0,-0.1,-1.0,-0.006,0.0,-7.0,0.0,0.0
1971.0,-0.14,3.7,-0.0059,0.0,-2.0,0.0,0.0
1991.0,-0.07,1.0,-0.0057,0.0,-2.0,0.0,0.0
2011.0,-0.14,-2.2,-0.0057,0.0,-12.0,0.0,0.0
2031.0,-0.16,4.3,-0.0056,0.0,-2.0,0.0,0.0
2051.0,-0.09,0.1,-0.0056,0.0,-5.0,0.0,0.0
2071.0,-0.13,0.9,-0.0055,0.012,-6.0,0.0,0.0
2091.0,-0.06,4.0,-0.0055,0.0,3.0,0.0,0.0
2111.0,-0.06,-2.7,-0.0056,-0.012,-7.0,0.0,0.0
2131.0,-0.07,4.0,-0.0056,0.0,2.0,0.0,0.0
2151.0,0.0,1.9,-0.0055,0.0,3.0,0.0,0.0
2171.0,0.01,-0.4,-0.0056,0.0,0.0,0.0,0.0
2191.0,-0.0,2.2,-0.0056,0.0,3.0,0.0,0.0
2211.0,0.06,3.2,-0.0056,0.0,8.0,0.0,0.0
2231.0,0.12,2.5,-0.0057,0.0,11.0,0.0,0.0
2251.0,0.15,1.6,-0.006,-0.012,11.0,0.0,0.0
2271.0,0.19,2.9,-0.0063,-0.012,15.0,0.0,0.0
2291.0,0.18,0.5,-0.0067,-0.024,11.0,0.0,0.0
2311.0,0.27,-9.2,-0.0071,-0.024,0.0,0.0,0.0
2331.0,-0.09,-13.6,-0.0074,-0.012,-28.0,0.0,0.0
2351.0,-0.17,0.7,-0.0073,0.0,-9.0,0.0,0.0
2371.0,-0.12,4.5,-0.0072,0.0,0.0,0.0,0.0
2391.0,-0.04,0.9,-0.0069,0.012,0.0,0.0,0.0
2411.0,-0.06,0.4,-0.0068,0.0,-2.0,0.0,0.0
2431.0,0.01,1.2,-0.0068,0.0,2.0,0.0,0.0
2451.0,0.03,-0.7,-0.0068,0.0,0.0,0.0,0.0
2471.0,0.03,-0.5,-0.0068,0.0,0.0,0.0,0.0
2491.0,0.03,-0.3,-0.0068,0.0,1.0,0.0,0.0
2511.0,0.02,-2.0,-0.0068,0.0,-2.0,0.0,0.0
2531.0,-0.0,-0.8,-0.0068,0.0,-1.0,0.0,0.0
2551.0,-0.01,-2.2,-0.0068,0.0,-4.0,0.0,0.0
2571.0,-0.04,-0.7,-0.0067,0.0,-3.0,0.0,0.0
2591.0,-0.03,-0.9,-0.0067,0.0,-3.0,0.0,0.0
2611.0,-0.07,-2.6,-0.0066,0.012,-8.0,0.0,0.0
2631.0,-0.1,-0.5,-0.0065,0.012,-7.0,0.0,0.0
2651.0,-0.1,-1.0,-0.0063,0.012,-7.0,0.0,0.0
2671.0,-0.12,-0.5,-0.0062,0.0,-8.0,0.0,0.0
2691.0,-0.14,2.5,-0.006,0.012,-4.0,0.0,0.0
2711.0,-0.07,1.9,-0.0059,0.0,-1.0,0.0,0.0
2731.0,-0.07,-2.2,-0.0059,0.0,-7.0,0.0,0.0
2751.0,-0.11,1.6,-0.0057,0.0,-3.0,0.0,0.0
2771.0,-0.07,0.3,-0.0056,0.0,-3.0,0.0,0.0
2791.0,-0.11,-2.4,-0.0055,0.0,-10.0,0.0,0.0
2811.0,-0.14,2.7,-0.0054,0.012,-3.0,0.0,0.0
2831.0,-0.09,-0.5,-0.0054,0.0,-6.0,0.0,0.0
2851.0,-0.14,-0.5,-0.0053,0.012,-9.0,0.0,0.0
2871.0,-0.13,3.3,-0.0053,0.0,-2.0,0.0,0.0
2891.0,-0.09,-0.8,-0.0051,0.0,-6.0,0.0,0.0
2911.0,-0.13,2.5,-0.005,0.012,-3.0,0.0,0.0
2931.0,-0.05,2.1,-0.005,0.0,0.0,0.0,0.0
2951.0,-0.07,-2.2,-0.005,0.0,-7.0,0.0,0.0
2971.0,-0.09,2.6,-0.005,0.0,0.0,0.0,0.0
2991.0,-0.06,-1.8,-0.005,0.0,-6.0,0.0,0.0
3011.0,-0.1,1.9,-0.005,0.0,-2.0,0.0,0.0
3031.0,-0.05,0.7,-0.005,0.0,-1.0,0.0,0.0
3051.0,-0.07,0.1,-0.005,0.0,-3.0,0.0,0.0
3071.0,-0.04,2.7,-0.005,0.0,2.0,0.0,0.0
3091.0,-0.03,-0.8,-0.005,0.0,-2.0,0.0,0.0
3111.0,-0.03,2.5,-0.005,0.0,2.0,0.0,0.0
3131.0,0.01,0.1,-0.005,0.0,0.0,0.0,0.0
3151.0,0.01,0.6,-0.0051,-0.012,1.0,0.0,0.0
3171.0,0.03,1.0,-0.0051,0.0,3.0,0.0,0.0
3191.0,0.05,1.4,-0.0051,0.0,5.0,0.0,0.0
3211.0,0.08,0.9,-0.0053,-0.012,6.0,0.0,0.0
3231.0,0.08,0.4,-0.0054,-0.012,5.0,0.0,0.0
3251.0,0.11,1.3,-0.0056,-0.012,8.0,0.0,0.0
3271.0,0.1,0.1,-0.006,-0.012,6.0,0.0,0.0
3291.0,0.12,-3.1,-0.0062,-0.012,2.0,0.0,0.0
3311.0,0.02,-8.0,-0.0065,-0.012,-12.0,0.0,0.0
3331.0,-0.12,0.3,-0.0065,0.0,-6.0,0.0,0.0
3351.0,-0.05,2.7,-0.0063,0.012,1.0,0.0,0.0
3371.0,-0.02,-2.5,-0.0063,0.0,-5.0,0.0,0.0
3391.0,-0.04,-0.7,-0.0062,0.012,-3.0,0.0,0.0
3411.0,-0.04,-1.8,-0.0061,0.012,-5.0,0.0,0.0
3431.0,-0.06,-1.8,-0.006,0.0,-6.0,0.0,0.0
3451.0,-0.1,-2.7,-0.0057,0.012,-10.0,0.0,0.0
3471.0,-0.2,-0.1,-0.0055,0.012,-11.0,0.0,0.0
3491.0,-0.14,3.8,-0.0053,0.012,-1.0,0.0,0.0
3511.0,-0.12,-0.2,-0.005,0.012,-7.0,0.0,0.0
3531.0,-0.09,5.9,-0.0049,0.012,4.0,0.0,0.0
3551.0,-0.01,-4.2,-0.0049,0.0,-7.0,0.0,0.0
3571.0,-0.17,-1.6,-0.0048,0.0,-12.0,0.0,0.0
3591.0,-0.1,5.7,-0.0048,0.0,3.0,0.0,0.0
3611.0,-0.1,-5.4,-0.0048,0.0,-14.0,0.0,0.0
3631.0,-0.19,4.9,-0.0047,0.0,-2.0,0.0,0.0
3651.0,-0.02,3.8,-0.0047,0.0,5.0,0.0,0.0
3671.0,-0.06,-4.5,-0.0048,-0.012,-11.0,0.0,0.0
3691.0,-0.1,6.6,-0.0048,0.0,4.0,0.0,0.0
3711.0,0.05,0.9,-0.0047,0.0,4.0,0.0,0.0
3731.0,-0.03,-1.9,-0.0048,-0.012,-5.0,0.0,0.0
3751.0,0.02,7.2,-0.0048,0.0,13.0,0.0,0.0
3771.0,0.14,0.5,-0.0048,0.0,9.0,0.0,0.0
3791.0,0.13,0.5,-0.005,-0.012,8.0,0.0,0.0
3811.0,0.15,1.9,-0.0054,-0.024,12.0,0.0,0.0
3831.0,0.21,3.8,-0.0056,-0.012,19.0,0.0,0.0
3851.0,0.32,-1.0,-0.006,-0.024,17.0,0.0,0.0
3871.0,0.13,-19.6,-0.0065,-0.024,-25.0,0.0,0.0
3891.0,-0.14,-3.8,-0.0066,0.0,-14.0,0.0,0.0
3911.0,-0.15,2.4,-0.0065,0.012,-4.0,0.0,0.0
3931.0,-0.06,2.0,-0.0063,0.012,0.0,0.0,0.0
3951.0,0.0,-0.9,-0.0062,0.0,-1.0,0.0,0.0
3971.0,0.01,-0.9,-0.0061,0.012,0.0,0.0,0.0
3991.0,-0.01,-2.0,-0.0061,0.0,-4.0,0.0,0.0
4011.0,-0.03,-2.9,-0.006,0.012,-6.0,0.0,0.0
4031.0,-0.1,-1.8,-0.0059,0.012,-9.0,0.0,0.0
4051.0,-0.08,0.1,-0.0059,0.0,-4.0,0.0,0.0
4071.0,-0.1,-2.4,-0.0056,0.012,-9.0,0.0,0.0
4091.0,-0.14,-0.6,-0.0054,0.012,-9.0,0.0,0.0
4111.0,-0.17,2.1,-0.0053,0.0,-6.0,0.0,0.0
4131.0,-0.11,1.5,-0.005,0.012,-3.0,0.0,0.0
4151.0,-0.12,-2.0,-0.0049,0.012,-10.0,0.0,0.0
4171.0,-0.14,3.6,-0.0048,0.012,-2.0,0.0,0.0
4191.0,-0.09,0.1,-0.0047,0.0,-5.0,0.0,0.0
4211.0,-0.15,-0.5,-0.0045,0.012,-9.0,0.0,0.0
4231.0,-0.15,4.3,-0.0044,0.012,-1.0,0.0,0.0
4251.0,-0.1,-1.1,-0.0043,0.012,-7.0,0.0,0.0
4271.0,-0.19,-0.1,-0.0043,0.0,-11.0,0.0,0.0
4291.0,-0.15,5.7,-0.0043,0.0,0.0,0.0,0.0
4311.0,-0.11,-0.4,-0.0042,0.0,-7.0,0.0,0.0
4331.0,-0.14,3.6,-0.0042,0.0,-2.0,0.0,0.0
4351.0,-0.05,3.7,-0.0042,0.0,3.0,0.0,0.0
4371.0,-0.04,0.0,-0.0043,0.0,-2.0,0.0,0.0
4391.0,-0.05,1.9,-0.0043,0.0,0.0,0.0,0.0
4411.0,0.02,4.4,-0.0044,0.0,8.0,0.0,0.0
4431.0,0.09,5.4,-0.0045,-0.012,14.0,0.0,0.0
4451.0,0.2,5.1,-0.0048,-0.012,20.0,0.0,0.0
4471.0,0.3,5.5,-0.0051,-0.024,27.0,0.0,0.0
4491.0,0.4,0.6,-0.0056,-0.024,24.0,0.0,0.0
4511.0,0.29,-21.6,-0.0061,-0.024,-19.0,0.0,0.0
4531.0,-0.08,-6.2,-0.0063,0.0,-15.0,0.0,0.0
4551.0,-0.11,3.2,-0.0063,0.0,-1.0,0.0,0.0
4571.0,0.06,7.4,-0.0062,0.0,16.0,0.0,0.0
4591.0,0.22,1.7,-0.0063,-0.012,15.0,0.0,0.0
4611.0,0.26,-0.4,-0.0067,-0.024,14.0,0.0,0.0
4631.0,0.28,-13.7,-0.0069,-0.012,-6.0,0.0,0.0
4651.0,0.04,-6.4,-0.0071,0.0,-8.0,0.0,0.0
4671.0,-0.0,1.7,-0.0069,0.012,2.0,0.0,0.0
4691.0,0.12,-0.1,-0.0069,0.0,6.0,0.0,0.0
4711.0,0.03,-5.5,-0.0071,-0.012,-7.0,0.0,0.0
4731.0,0.01,-1.1,-0.0071,0.0,-1.0,0.0,0.0
4751.0,-0.02,-6.1,-0.0069,0.0,-11.0,0.0,0.0
4771.0,-0.13,-4.7,-0.0068,0.012,-15.0,0.0,0.0
4791.0,-0.18,-6.0,-0.0066,0.012,-20.0,0.0,0.0
4811.0,-0.31,-6.8,-0.0063,0.012,-29.0,0.0,0.0
4831.0,-0.34,1.7,-0.0059,0.024,-17.0,0.0,0.0
4851.0,-0.34,5.3,-0.0054,0.024,-11.0,0.0,0.0
4871.0,-0.21,6.3,-0.005,0.024,-1.0,0.0,0.0
4891.0,-0.07,3.1,-0.0047,0.012,1.0,0.0,0.0
4911.0,-0.13,-5.7,-0.0044,0.012,-17.0,0.0,0.0
4931.0,-0.16,5.6,-0.0042,0.012,0.0,0.0,0.0
4951.0,-0.09,-0.2,-0.0039,0.012,-5.0,0.0,0.0
4971.0,-0.23,-3.4,-0.0038,0.0,-19.0,0.0,0.0
4991.0,-0.25,6.0,-0.0036,0.012,-4.0,0.0,0.0
5011.0,-0.17,1.7,-0.0033,0.012,-7.0,0.0,0.0
5031.0,-0.22,0.4,-0.0032,0.0,-12.0,0.0,0.0
5051.0,-0.19,6.4,-0.003,0.012,0.0,0.0,0.0
5071.0,-0.11,0.3,-0.003,0.0,-5.0,0.0,0.0
5091.0,-0.18,1.0,-0.0029,0.012,-9.0,0.0,0.0
5111.0,-0.13,5.5,-0.0029,0.0,1.0,0.0,0.0
5131.0,-0.09,-1.3,-0.0027,0.0,-7.0,0.0,0.0
5151.0,-0.15,4.1,-0.0027,0.0,-1.0,0.0,0.0
5171.0,-0.02,4.2,-0.0027,0.0,5.0,0.0,0.0
5191.0,-0.01,-0.1,-0.0029,0.0,0.0,0.0,0.0
5211.0,-0.01,2.9,-0.003,-0.012,4.0,0.0,0.0
5231.0,0.03,3.5,-0.0031,-0.012,7.0,0.0,0.0
5251.0,0.09,5.2,-0.0032,-0.012,13.0,0.0,0.0
5271.0,0.17,6.2,-0.0035,-0.012,20.0,0.0,0.0
5291.0,0.28,5.8,-0.0039,-0.024,26.0,0.0,0.0
5311.0,0.42,-4.8,-0.0043,-0.024,17.0,0.0,0.0
5331.0,0.12,-18.8,-0.0049,-0.024,-24.0,0.0,0.0
5351.0,-0.15,-3.8,-0.005,0.0,-15.0,0.0,0.0
5371.0,-0.17,5.9,-0.0049,0.012,0.0,0.0,0.0
5391.0,0.07,10.3,-0.0048,0.0,21.0,0.0,0.0
5411.0,0.25,3.0,-0.0049,0.0,19.0,0.0,0.0
5431.0,0.32,4.2,-0.0053,-0.024,26.0,0.0,0.0
5451.0,0.41,-3.6,-0.0056,-0.012,18.0,0.0,0.0
5471.0,0.2,-18.1,-0.0061,-0.024,-19.0,0.0,0.0
5491.0,0.02,-2.1,-0.0062,0.0,-2.0,0.0,0.0
5511.0,-0.0,0.2,-0.0061,0.012,0.0,0.0,0.0
5531.0,0.1,1.6,-0.0061,0.0,8.0,0.0,0.0
5551.0,0.14,-2.9,-0.0062,-0.012,3.0,0.0,0.0
5571.0,0.08,-3.9,-0.0063,0.0,-1.0,0.0,0.0
5591.0,0.06,-1.7,-0.0065,-0.012,0.0,0.0,0.0
5611.0,0.03,-5.9,-0.0065,0.0,-8.0,0.0,0.0
5631.0,-0.05,-4.0,-0.0063,0.012,-9.0,0.0,0.0
5651.0,-0.11,-6.5,-0.0062,0.0,-17.0,0.0,0.0
5671.0,-0.23,-7.3,-0.006,0.012,-26.0,0.0,0.0
5691.0,-0.34,-7.4,-0.0056,0.012,-32.0,0.0,0.0
5711.0,-0.55,0.6,-0.005,0.024,-31.0,0.0,0.0
5731.0,-0.43,15.1,-0.0045,0.024,0.0,0.0,0.0
5751.0,-0.16,5.3,-0.0041,0.024,0.0,0.0,0.0
5771.0,-0.07,-1.5,-0.0038,0.012,-6.0,0.0,0.0
5791.0,-0.23,-7.3,-0.0036,0.012,-25.0,0.0,0.0
5811.0,-0.37,4.1,-0.0033,0.012,-15.0,0.0,0.0
5831.0,-0.22,7.0,-0.003,0.024,-1.0,0.0,0.0
5851.0,-0.19,-0.9,-0.0027,0.012,-12.0,0.0,0.0
5871.0,-0.25,5.0,-0.0025,0.012,-6.0,0.0,0.0
5891.0,-0.15,5.4,-0.0023,0.012,0.0,0.0,0.0
5911.0,-0.1,0.2,-0.0022,0.0,-5.0,0.0,0.0
5931.0,-0.12,3.1,-0.002,0.012,-1.0,0.0,0.0
5951.0,-0.05,2.0,-0.002,0.0,0.0,0.0,0.0
5971.0,-0.1,-2.3,-0.0019,0.0,-9.0,0.0,0.0
5991.0,-0.12,5.6,-0.0019,0.0,2.0,0.0,0.0
6011.0,-0.01,1.0,-0.0019,0.0,0.0,0.0,0.0
6031.0,-0.07,-1.7,-0.0019,0.0,-6.0,0.0,0.0
6051.0,-0.04,7.1,-0.0019,0.0,9.0,0.0,0.0
6071.0,0.04,-0.4,-0.002,-0.012,1.0,0.0,0.0
6091.0,0.04,1.1,-0.0022,-0.012,4.0,0.0,0.0
6111.0,0.04,2.8,-0.0023,-0.012,7.0,0.0,0.0
6131.0,0.1,3.9,-0.0024,-0.012,12.0,0.0,0.0
6151.0,0.18,5.0,-0.0026,-0.012,19.0,0.0,0.0
6171.0,0.28,5.0,-0.003,-0.012,24.0,0.0,0.0
6191.0,0.45,-4.8,-0.0036,-0.036,18.0,0.0,0.0
6211.0,0.15,-19.9,-0.0039,-0.012,-24.0,0.0,0.0
6231.0,-0.15,-6.2,-0.0041,0.0,-19.0,0.0,0.0
6251.0,-0.33,0.4,-0.0039,0.012,-18.0,0.0,0.0
6271.0,-0.12,15.6,-0.0037,0.012,19.0,0.0,0.0
6291.0,0.17,7.2,-0.0037,0.0,22.0,0.0,0.0
6311.0,0.27,1.7,-0.0039,-0.012,18.0,0.0,0.0
6331.0,0.29,2.6,-0.0043,-0.024,21.0,0.0,0.0
6351.0,0.36,1.3,-0.0048,-0.024,23.0,0.0,0.0
6371.0,0.23,-23.6,-0.0053,-0.024,-26.0,0.0,0.0
6391.0,-0.09,-6.9,-0.0054,0.0,-17.0,0.0,0.0
6411.0,-0.2,0.1,-0.0053,0.012,-11.0,0.0,0.0
6431.0,-0.09,4.3,-0.0051,0.0,1.0,0.0,0.0
6451.0,0.02,0.4,-0.005,0.0,1.0,0.0,0.0
6471.0,0.02,-1.4,-0.0049,0.0,0.0,0.0,0.0
6491.0,0.06,-1.2,-0.0049,0.0,1.0,0.0,0.0
6511.0,0.02,-4.9,-0.0049,0.0,-7.0,0.0,0.0
6531.0,-0.04,-2.8,-0.0049,0.0,-7.0,0.0,0.0
6551.0,-0.08,-3.3,-0.0048,0.0,-10.0,0.0,0.0
6571.0,-0.15,-3.5,-0.0047,0.0,-14.0,0.0,0.0
6591.0,-0.19,-2.0,-0.0044,0.012,-14.0,0.0,0.0
6611.0,-0.25,-1.7,-0.0042,0.012,-17.0,0.0,0.0
6631.0,-0.25,5.2,-0.0039,0.012,-6.0,0.0,0.0
6651.0,-0.15,2.1,-0.0037,0.012,-5.0,0.0,0.0
6671.0,-0.19,-0.9,-0.0035,0.012,-12.0,0.0,0.0
6691.0,-0.19,4.1,-0.0032,0.012,-4.0,0.0,0.0
6711.0,-0.14,1.4,-0.003,0.012,-6.0,0.0,0.0
6731.0,-0.17,0.8,-0.0029,0.0,-8.0,0.0,0.0
6751.0,-0.14,3.8,-0.0026,0.012,-2.0,0.0,0.0
6771.0,-0.12,0.1,-0.0025,0.0,-6.0,0.0,0.0
6791.0,-0.15,1.9,-0.0023,0.012,-5.0,0.0,0.0
6811.0,-0.1,4.2,-0.0022,0.012,1.0,0.0,0.0
6831.0,-0.06,-2.4,-0.0022,0.0,-7.0,0.0,0.0
6851.0,-0.14,0.5,-0.0022,0.0,-7.0,0.0,0.0
6871.0,-0.09,4.0,-0.002,0.012,1.0,0.0,0.0
6891.0,-0.08,-2.8,-0.002,0.0,-9.0,0.0,0.0
6911.0,-0.13,3.6,-0.002,0.0,-1.0,0.0,0.0
6931.0,-0.05,0.8,-0.002,0.0,-1.0,0.0,0.0
6951.0,-0.08,-0.1,-0.002,0.0,-4.0,0.0,0.0
6971.0,-0.03,4.7,-0.002,0.0,6.0,0.0,0.0
6991.0,0.02,-0.4,-0.0022,-0.012,0.0,0.0,0.0
7011.0,0.01,0.9,-0.0022,0.0,2.0,0.0,0.0
7031.0,0.04,1.6,-0.0022,0.0,4.0,0.0,0.0
7051.0,0.07,3.2,-0.0023,-0.012,9.0,0.0,0.0
7071.0,0.13,3.4,-0.0024,-0.012,13.0,0.0,0.0
7091.0,0.19,2.9,-0.0027,-0.024,16.0,0.0,0.0
7111.0,0.28,3.0,-0.0031,-0.024,21.0,0.0,0.0
7131.0,0.31,-6.1,-0.0035,-0.024,8.0,0.0,0.0
7151.0,0.14,-17.0,-0.0038,-0.012,-20.0,0.0,0.0
7171.0,-0.18,-6.6,-0.0039,0.0,-22.0,0.0,0.0
7191.0,-0.27,1.3,-0.0038,0.012,-13.0,0.0,0.0
7211.0,-0.12,7.8,-0.0036,0.0,6.0,0.0,0.0
7231.0,0.04,3.9,-0.0035,0.0,8.0,0.0,0.0
7251.0,0.1,-1.4,-0.0035,0.0,3.0,0.0,0.0
7271.0,0.05,-1.4,-0.0036,0.0,0.0,0.0,0.0
7291.0,0.07,2.0,-0.0037,0.0,7.0,0.0,0.0
7311.0,0.1,0.7,-0.0038,-0.012,7.0,0.0,0.0
7331.0,0.11,-1.2,-0.0039,-0.012,4.0,0.0,0.0
7351.0,0.09,-1.8,-0.0043,-0.012,2.0,0.0,0.0
7371.0,0.1,-2.6,-0.0044,0.0,1.0,0.0,0.0
7391.0,-0.09,-10.2,-0.0047,-0.012,-22.0,0.0,0.0
7411.0,-0.14,2.4,-0.0045,0.012,-4.0,0.0,0.0
7431.0,-0.07,-1.1,-0.0043,0.012,-6.0,0.0,0.0
7451.0,-0.14,-5.3,-0.0042,0.012,-17.0,0.0,0.0
7471.0,-0.19,-2.6,-0.0038,0.024,-15.0,0.0,0.0
7491.0,-0.3,-0.1,-0.0036,0.012,-17.0,0.0,0.0
7511.0,-0.17,6.6,-0.0032,0.012,1.0,0.0,0.0
7531.0,-0.12,3.5,-0.0029,0.024,-1.0,0.0,0.0
7551.0,-0.03,2.3,-0.0027,0.0,2.0,0.0,0.0
7571.0,-0.05,-2.9,-0.0026,0.0,-7.0,0.0,0.0
7591.0,-0.1,-0.5,-0.0025,0.012,-7.0,0.0,0.0
7611.0,-0.09,1.7,-0.0025,0.0,-2.0,0.0,0.0
7631.0,-0.13,-4.5,-0.0024,0.0,-15.0,0.0,0.0
7651.0,-0.19,1.7,-0.0023,0.012,-8.0,0.0,0.0
7671.0,-0.13,2.7,-0.0022,0.012,-3.0,0.0,0.0
7691.0,-0.15,0.1,-0.002,0.012,-8.0,0.0,0.0
7711.0,-0.11,5.3,-0.0019,0.012,2.0,0.0,0.0
7731.0,-0.06,-0.3,-0.0019,0.0,-3.0,0.0,0.0
7751.0,-0.1,-0.4,-0.0018,0.0,-6.0,0.0,0.0
7771.0,-0.1,2.9,-0.0018,0.0,0.0,0.0,0.0
7791.0,-0.07,-0.5,-0.0018,0.0,-5.0,0.0,0.0
7811.0,-0.09,3.1,-0.0018,0.0,0.0,0.0,0.0
7831.0,-0.02,1.6,-0.0018,0.0,1.0,0.0,0.0
7851.0,-0.05,1.1,-0.0018,0.0,-1.0,0.0,0.0
7871.0,-0.0,3.9,-0.0018,0.0,6.0,0.0,0.0
7891.0,0.03,0.9,-0.0019,-0.012,3.0,0.0,0.0
7911.0,0.06,2.3,-0.002,-0.012,7.0,0.0,0.0
7931.0,0.11,3.6,-0.0023,-0.012,12.0,0.0,0.0
7951.0,0.18,4.2,-0.0025,-0.012,17.0,0.0,0.0
7971.0,0.28,1.6,-0.0029,-0.012,19.0,0.0,0.0
7991.0,0.22,-9.5,-0.0033,-0.024,-3.0,0.0,0.0
8011.0,-0.03,-10.1,-0.0036,-0.012,-18.0,0.0,0.0
8031.0,-0.14,0.9,-0.0036,0.0,-6.0,0.0,0.0
8051.0,-0.06,6.8,-0.0035,0.0,8.0,0.0,0.0
8071.0,0.08,2.9,-0.0035,0.0,9.0,0.0,0.0
8091.0,0.14,1.2,-0.0037,-0.012,10.0,0.0,0.0
8111.0,0.19,2.4,-0.0038,-0.012,15.0,0.0,0.0
8131.0,0.29,-7.0,-0.0042,-0.024,5.0,0.0,0.0
8151.0,0.09,-11.4,-0.0044,-0.012,-14.0,0.0,0.0
8171.0,-0.06,-0.2,-0.0045,0.0,-3.0,0.0,0.0
8191.0,0.01,2.2,-0.0044,0.0,4.0,0.0,0.0
8211.0,0.03,-2.3,-0.0044,0.0,-1.0,0.0,0.0
8231.0,0.02,-2.4,-0.0045,-0.012,-2.0,0.0,0.0
8251.0,0.01,-1.7,-0.0045,0.0,-2.0,0.0,0.0
8271.0,-0.02,-3.8,-0.0045,0.0,-7.0,0.0,0.0
8291.0,-0.09,-4.2,-0.0044,0.0,-12.0,0.0,0.0
8311.0,-0.15,-3.5,-0.0043,0.0,-14.0,0.0,0.0
8331.0,-0.24,-5.7,-0.0041,0.012,-24.0,0.0,0.0
8351.0,-0.39,-0.4,-0.0037,0.012,-23.0,0.0,0.0
8371.0,-0.31,4.7,-0.0033,0.012,-10.0,0.0,0.0
8391.0,-0.26,3.2,-0.0029,0.024,-10.0,0.0,0.0
8411.0,-0.15,9.8,-0.0025,0.024,7.0,0.0,0.0
8431.0,0.01,-2.2,-0.0024,0.0,-3.0,0.0,0.0
8451.0,-0.16,-9.4,-0.0024,0.0,-25.0,0.0,0.0
8471.0,-0.29,8.7,-0.0022,0.012,-2.0,0.0,0.0
8491.0,-0.14,1.2,-0.002,0.0,-6.0,0.0,0.0
8511.0,-0.21,-5.2,-0.0019,0.012,-21.0,0.0,0.0
8531.0,-0.3,6.2,-0.0018,0.012,-7.0,0.0,0.0
8551.0,-0.13,4.4,-0.0017,0.012,0.0,0.0,0.0
8571.0,-0.17,-0.6,-0.0016,0.012,-11.0,0.0,0.0
8591.0,-0.14,7.1,-0.0016,0.0,3.0,0.0,0.0
8611.0,-0.06,-0.1,-0.0016,0.0,-3.0,0.0,0.0
8631.0,-0.13,2.9,-0.0014,0.0,-2.0,0.0,0.0
8651.0,-0.03,5.6,-0.0014,0.0,7.0,0.0,0.0
8671.0,0.0,0.1,-0.0014,0.0,0.0,0.0,0.0
8691.0,0.01,3.9,-0.0016,0.0,7.0,0.0,0.0
8711.0,0.1,6.1,-0.0017,-0.012,16.0,0.0,0.0
8731.0,0.22,6.5,-0.0019,-0.012,24.0,0.0,0.0
8751.0,0.33,7.0,-0.0023,-0.024,31.0,0.0,0.0
8771.0,0.5,-0.8,-0.0029,-0.036,28.0,0.0,0.0
8791.0,0.33,-24.4,-0.0033,-0.024,-21.0,0.0,0.0
8811.0,-0.01,-7.9,-0.0037,-0.012,-13.0,0.0,0.0
8831.0,-0.18,-1.6,-0.0037,0.0,-13.0,0.0,0.0
8851.0,-0.07,11.8,-0.0036,0.0,15.0,0.0,0.0
8871.0,0.19,6.0,-0.0036,0.0,21.0,0.0,0.0
8891.0,0.32,2.0,-0.0038,-0.012,22.0,0.0,0.0
8911.0,0.39,1.1,-0.0043,-0.024,25.0,0.0,0.0
8931.0,0.44,-12.3,-0.0047,-0.024,5.0,0.0,0.0
8951.0,-0.02,-19.3,-0.0051,-0.024,-33.0,0.0,0.0
8971.0,-0.11,-0.9,-0.0051,0.0,-8.0,0.0,0.0
8991.0,-0.18,0.4,-0.005,0.0,-9.0,0.0,0.0
9011.0,-0.03,2.5,-0.0048,0.012,2.0,0.0,0.0
9031.0,-0.05,-0.3,-0.0047,0.0,-3.0,0.0,0.0
9051.0,-0.01,1.3,-0.0045,0.0,1.0,0.0,0.0
9071.0,-0.01,-1.9,-0.0044,0.0,-4.0,0.0,0.0
9091.0,-0.04,-1.3,-0.0043,0.0,-4.0,0.0,0.0
9111.0,-0.05,-0.9,-0.0042,0.012,-4.0,0.0,0.0
9131.0,-0.07,-2.7,-0.0042,0.0,-8.0,0.0,0.0
9151.0,-0.11,-0.9,-0.0041,0.0,-7.0,0.0,0.0
9171.0,-0.13,-1.5,-0.0039,0.0,-10.0,0.0,0.0
9191.0,-0.15,0.7,-0.0037,0.012,-7.0,0.0,0.0
9211.0,-0.13,4.1,-0.0035,0.012,0.0,0.0,0.0
9231.0,-0.06,-0.6,-0.0033,0.012,-4.0,0.0,0.0
9251.0,-0.12,-1.4,-0.0032,0.0,-9.0,0.0,0.0
9271.0,-0.12,3.5,-0.0031,0.0,-1.0,0.0,0.0
9291.0,-0.09,-1.7,-0.003,0.0,-8.0,0.0,0.0
9311.0,-0.16,1.2,-0.0029,0.0,-7.0,0.0,0.0
9331.0,-0.11,2.8,-0.0027,0.0,-1.0,0.0,0.0
9351.0,-0.11,-3.3,-0.0027,0.0,-12.0,0.0,0.0
9371.0,-0.18,3.1,-0.0026,0.0,-5.0,0.0,0.0
9391.0,-0.09,1.8,-0.0025,0.0,-2.0,0.0,0.0
9411.0,-0.13,-3.4,-0.0025,0.0,-13.0,0.0,0.0
9431.0,-0.16,4.1,-0.0024,0.012,-2.0,0.0,0.0
9451.0,-0.11,-1.3,-0.0024,0.0,-8.0,0.0,0.0
9471.0,-0.17,0.6,-0.0024,0.0,-9.0,0.0,0.0
9491.0,-0.1,4.6,-0.0024,0.0,1.0,0.0,0.0
9511.0,-0.08,-2.1,-0.0023,0.0,-8.0,0.0,0.0
9531.0,-0.11,4.4,-0.0023,0.0,1.0,0.0,0.0
9551.0,-0.01,0.7,-0.0023,0.0,0.0,0.0,0.0
9571.0,-0.04,0.4,-0.0023,0.0,-1.0,0.0,0.0
9591.0,-0.0,3.8,-0.0023,0.0,6.0,0.0,0.0
9611.0,0.05,2.0,-0.0024,-0.012,6.0,0.0,0.0
9631.0,0.1,2.9,-0.0025,-0.012,10.0,0.0,0.0
9651.0,0.14,2.0,-0.0027,-0.012,11.0,0.0,0.0
9671.0,0.2,3.4,-0.003,-0.012,17.0,0.0,0.0
9691.0,0.25,-0.1,-0.0033,-0.012,14.0,0.0,0.0
9711.0,0.27,-8.9,-0.0038,-0.024,1.0,0.0,0.0
9731.0,-0.04,-11.8,-0.0042,-0.024,-22.0,0.0,0.0
9751.0,-0.12,2.6,-0.0042,0.0,-2.0,0.0,0.0
9771.0,-0.08,5.2,-0.0041,0.012,4.0,0.0,0.0
9791.0,0.06,-0.8,-0.0041,0.0,2.0,0.0,0.0
9811.0,0.05,0.7,-0.0042,0.0,4.0,0.0,0.0
9831.0,0.09,0.5,-0.0042,0.0,6.0,0.0,0.0
9851.0,0.11,-5.1,-0.0044,-0.012,-2.0,0.0,0.0
9871.0,0.03,-2.8,-0.0044,0.0,-3.0,0.0,0.0
9891.0,0.01,1.1,-0.0044,0.0,2.0,0.0,0.0
9911.0,0.05,-2.4,-0.0044,0.0,0.0,0.0,0.0
9931.0,-0.02,-3.9,-0.0044,0.0,-8.0,0.0,0.0
9951.0,-0.06,-2.1,-0.0043,0.012,-6.0,0.0,0.0
9971.0,-0.1,-5.1,-0.0042,0.012,-14.0,0.0,0.0
9991.0,-0.19,-4.3,-0.0041,0.012,-18.0,0.0,0.0
10011.0,-0.25,-4.6,-0.0037,0.024,-22.0,0.0,0.0
10031.0,-0.37,-3.8,-0.0033,0.024,-28.0,0.0,0.0
10051.0,-0.39,10.9,-0.0029,0.024,-4.0,0.0,0.0
10071.0,-0.07,9.8,-0.0025,0.024,12.0,0.0,0.0
10091.0,-0.05,-4.1,-0.0024,0.0,-9.0,0.0,0.0
10111.0,-0.13,-3.8,-0.0024,0.0,-14.0,0.0,0.0
10131.0,-0.26,-1.9,-0.0023,0.0,-19.0,0.0,0.0
10151.0,-0.34,3.0,-0.002,0.012,-15.0,0.0,0.0
10171.0,-0.22,8.7,-0.0018,0.012,1.0,0.0,0.0
10191.0,-0.14,0.2,-0.0017,0.012,-7.0,0.0,0.0
10211.0,-0.17,4.7,-0.0016,0.012,-1.0,0.0,0.0
10231.0,-0.04,3.3,-0.0016,0.0,3.0,0.0,0.0
10251.0,-0.08,-2.8,-0.0017,0.0,-9.0,0.0,0.0
10271.0,-0.13,7.4,-0.0017,0.0,4.0,0.0,0.0
10291.0,0.02,3.3,-0.0018,-0.012,7.0,0.0,0.0
10311.0,0.05,1.4,-0.0019,-0.012,5.0,0.0,0.0
10331.0,0.05,3.2,-0.002,0.0,8.0,0.0,0.0
10351.0,0.14,6.1,-0.0023,-0.012,18.0,0.0,0.0
10371.0,0.26,7.7,-0.0026,-0.024,28.0,0.0,0.0
10391.0,0.52,3.8,-0.0031,-0.024,37.0,0.0,0.0
10411.0,0.39,-22.2,-0.0037,-0.024,-14.0,0.0,0.0
10431.0,-0.07,-10.5,-0.0041,-0.012,-21.0,0.0,0.0
10451.0,-0.15,0.8,-0.0041,0.0,-7.0,0.0,0.0
10471.0,-0.05,11.1,-0.0039,0.0,16.0,0.0,0.0
10491.0,0.22,4.8,-0.0041,-0.012,21.0,0.0,0.0
10511.0,0.29,0.7,-0.0043,-0.012,18.0,0.0,0.0
10531.0,0.42,-2.3,-0.0047,-0.012,21.0,0.0,0.0
10551.0,0.19,-20.5,-0.0051,-0.024,-23.0,0.0,0.0
10571.0,-0.03,-2.9,-0.0053,0.0,-6.0,0.0,0.0
10591.0,-0.05,1.5,-0.0053,0.0,0.0,0.0,0.0
10611.0,0.04,-1.0,-0.0053,0.0,0.0,0.0,0.0
10631.0,0.01,-4.6,-0.0053,0.0,-7.0,0.0,0.0
10651.0,-0.06,-3.1,-0.0051,0.0,-8.0,0.0,0.0
10671.0,-0.09,-5.3,-0.005,0.012,-14.0,0.0,0.0
10691.0,-0.2,-6.3,-0.0048,0.012,-22.0,0.0,0.0
10711.0,-0.31,-1.7,-0.0044,0.012,-21.0,0.0,0.0
10731.0,-0.27,1.7,-0.0041,0.024,-13.0,0.0,0.0
10751.0,-0.28,1.2,-0.0037,0.012,-14.0,0.0,0.0
10771.0,-0.16,8.3,-0.0032,0.024,4.0,0.0,0.0
10791.0,-0.04,-3.0,-0.0031,0.0,-7.0,0.0,0.0
10811.0,-0.22,-10.9,-0.003,0.0,-31.0,0.0,0.0
10831.0,-0.43,7.1,-0.0027,0.012,-13.0,0.0,0.0
10851.0,-0.26,3.3,-0.0025,0.012,-10.0,0.0,0.0
10871.0,-0.32,-0.9,-0.0023,0.012,-20.0,0.0,0.0
10891.0,-0.32,10.8,-0.0019,0.024,0.0,0.0,0.0
10911.0,-0.16,1.9,-0.0017,0.012,-6.0,0.0,0.0
10931.0,-0.21,2.3,-0.0014,0.012,-8.0,0.0,0.0
10951.0,-0.11,7.8,-0.0012,0.012,6.0,0.0,0.0
10971.0,-0.04,-4.1,-0.0012,0.0,-9.0,0.0,0.0
10991.0,-0.2,2.0,-0.0012,0.0,-8.0,0.0,0.0
11011.0,-0.08,7.8,-0.0012,0.0,8.0,0.0,0.0
11031.0,-0.07,-3.9,-0.0012,0.0,-10.0,0.0,0.0
11051.0,-0.16,4.0,-0.0012,0.0,-2.0,0.0,0.0
11071.0,0.03,9.0,-0.0012,0.0,17.0,0.0,0.0
11091.0,0.07,-0.5,-0.0013,0.0,3.0,0.0,0.0
11111.0,0.03,2.1,-0.0016,-0.012,5.0,0.0,0.0
11131.0,0.09,5.6,-0.0018,-0.012,15.0,0.0,0.0
11151.0,0.18,7.6,-0.0022,-0.024,23.0,0.0,0.0
11171.0,0.33,7.0,-0.0026,-0.024,31.0,0.0,0.0
11191.0,0.36,-17.3,-0.0031,-0.024,-7.0,0.0,0.0
11211.0,0.07,-8.4,-0.0035,-0.012,-10.0,0.0,0.0
11231.0,-0.12,-0.6,-0.0035,0.0,-8.0,0.0,0.0
11251.0,0.09,13.8,-0.0035,0.0,29.0,0.0,0.0
11271.0,0.33,9.4,-0.0037,-0.012,35.0,0.0,0.0
11291.0,0.66,3.5,-0.0041,-0.024,45.0,0.0,0.0
11311.0,0.53,-16.7,-0.0048,-0.036,3.0,0.0,0.0
11331.0,0.07,-17.2,-0.0053,-0.024,-24.0,0.0,0.0
11351.0,0.05,-0.9,-0.0055,-0.012,1.0,0.0,0.0
11371.0,0.03,3.1,-0.0055,0.0,7.0,0.0,0.0
11391.0,0.19,2.9,-0.0055,0.0,16.0,0.0,0.0
11411.0,0.22,-4.9,-0.0057,-0.012,4.0,0.0,0.0
11431.0,0.17,-3.1,-0.006,-0.012,4.0,0.0,0.0
11451.0,0.19,-9.4,-0.0062,-0.012,-4.0,0.0,0.0
11471.0,-0.05,-9.2,-0.0063,-0.012,-18.0,0.0,0.0
11491.0,-0.12,-1.1,-0.0062,0.012,-8.0,0.0,0.0
11511.0,-0.06,-5.1,-0.006,0.012,-12.0,0.0,0.0
11531.0,-0.24,-9.3,-0.0057,0.012,-29.0,0.0,0.0
11551.0,-0.36,-5.6,-0.0054,0.024,-30.0,0.0,0.0
11571.0,-0.37,4.3,-0.0049,0.024,-14.0,0.0,0.0
11591.0,-0.21,8.6,-0.0044,0.024,2.0,0.0,0.0
11611.0,-0.16,3.1,-0.0041,0.012,-4.0,0.0,0.0
11631.0,-0.08,-1.1,-0.0037,0.012,-6.0,0.0,0.0
11651.0,-0.18,-10.0,-0.0035,0.012,-27.0,0.0,0.0
11671.0,-0.41,5.6,-0.0031,0.012,-15.0,0.0,0.0
11691.0,-0.26,2.4,-0.0027,0.024,-11.0,0.0,0.0
11711.0,-0.38,-1.6,-0.0024,0.024,-25.0,0.0,0.0
11731.0,-0.33,9.0,-0.0022,0.012,-4.0,0.0,0.0
11751.0,-0.22,2.3,-0.0018,0.012,-9.0,0.0,0.0
11771.0,-0.26,3.6,-0.0014,0.012,-9.0,0.0,0.0
11791.0,-0.19,6.8,-0.0012,0.012,0.0,0.0,0.0
11811.0,-0.14,-0.4,-0.001,0.012,-8.0,0.0,0.0
11831.0,-0.2,4.4,-0.0007,0.012,-4.0,0.0,0.0
11851.0,-0.12,5.1,-0.0006,0.012,1.0,0.0,0.0
11871.0,-0.11,-1.0,-0.0006,0.0,-8.0,0.0,0.0
11891.0,-0.15,4.5,-0.0005,0.0,-1.0,0.0,0.0
11911.0,-0.07,1.9,-0.0005,0.0,0.0,0.0,0.0
11931.0,-0.11,0.2,-0.0005,0.0,-6.0,0.0,0.0
11951.0,-0.05,9.1,-0.0005,0.0,12.0,0.0,0.0
11971.0,0.06,1.4,-0.0006,-0.012,5.0,0.0,0.0
11991.0,0.07,2.5,-0.0008,-0.012,8.0,0.0,0.0
12011.0,0.1,4.6,-0.001,-0.012,14.0,0.0,0.0
12031.0,0.19,6.9,-0.0013,-0.012,23.0,0.0,0.0
12051.0,0.27,7.1,-0.0018,-0.024,27.0,0.0,0.0
12071.0,0.49,-9.4,-0.0023,-0.024,13.0,0.0,0.0
12091.0,0.03,-17.8,-0.0027,-0.012,-28.0,0.0,0.0
12111.0,-0.06,-3.5,-0.0029,0.0,-9.0,0.0,0.0
12131.0,-0.18,6.8,-0.0029,0.0,0.0,0.0,0.0
12151.0,0.14,17.5,-0.0027,0.0,38.0,0.0,0.0
12171.0,0.37,4.1,-0.003,-0.024,28.0,0.0,0.0
12191.0,0.51,7.2,-0.0035,-0.024,42.0,0.0,0.0
12211.0,0.66,-5.3,-0.0041,-0.036,30.0,0.0,0.0
12231.0,0.21,-24.9,-0.0047,-0.024,-29.0,0.0,0.0
12251.0,-0.15,-5.7,-0.0049,-0.012,-18.0,0.0,0.0
12271.0,-0.07,6.4,-0.0049,0.0,6.0,0.0,0.0
12291.0,0.12,9.6,-0.0048,0.0,23.0,0.0,0.0
12311.0,0.33,3.4,-0.005,-0.012,25.0,0.0,0.0
12331.0,0.35,-7.4,-0.0054,-0.024,8.0,0.0,0.0
12351.0,0.3,-5.4,-0.0059,-0.024,8.0,0.0,0.0
12371.0,0.06,-16.4,-0.0061,-0.012,-24.0,0.0,0.0
12391.0,-0.11,-1.7,-0.0062,0.0,-9.0,0.0,0.0
12411.0,-0.11,2.0,-0.006,0.012,-3.0,0.0,0.0
12431.0,-0.01,-2.7,-0.0059,0.0,-5.0,0.0,0.0
12451.0,-0.09,-6.0,-0.0057,0.0,-15.0,0.0,0.0
12471.0,-0.15,0.3,-0.0054,0.012,-8.0,0.0,0.0
12491.0,-0.11,-0.7,-0.0051,0.012,-7.0,0.0,0.0
12511.0,-0.14,-4.6,-0.0049,0.012,-16.0,0.0,0.0
12531.0,-0.25,0.3,-0.0047,0.012,-14.0,0.0,0.0
12551.0,-0.14,4.5,-0.0043,0.012,0.0,0.0,0.0
12571.0,-0.12,-1.4,-0.0039,0.024,-9.0,0.0,0.0
12591.0,-0.22,-0.8,-0.0037,0.012,-14.0,0.0,0.0
12611.0,-0.19,2.4,-0.0035,0.012,-6.0,0.0,0.0
12631.0,-0.21,-0.0,-0.0032,0.012,-12.0,0.0,0.0
12651.0,-0.21,2.7,-0.003,0.012,-8.0,0.0,0.0
12671.0,-0.2,2.1,-0.0027,0.012,-8.0,0.0,0.0
12691.0,-0.19,2.5,-0.0025,0.012,-6.0,0.0,0.0
12711.0,-0.17,4.2,-0.0023,0.012,-2.0,0.0,0.0
12731.0,-0.13,2.1,-0.0022,0.0,-4.0,0.0,0.0
12751.0,-0.17,1.2,-0.002,0.0,-7.0,0.0,0.0
12771.0,-0.16,6.7,-0.0019,0.0,2.0,0.0,0.0
12791.0,-0.08,3.0,-0.0018,0.0,0.0,0.0,0.0
12811.0,-0.12,1.1,-0.0018,0.0,-5.0,0.0,0.0
12831.0,-0.07,8.9,-0.0018,0.0,10.0,0.0,0.0
12851.0,0.03,3.6,-0.0019,0.0,7.0,0.0,0.0
12871.0,0.08,5.9,-0.0022,-0.012,14.0,0.0,0.0
12891.0,0.18,8.5,-0.0025,-0.024,24.0,0.0,0.0
12911.0,0.33,9.9,-0.0029,-0.024,36.0,0.0,0.0
12931.0,0.58,-1.5,-0.0033,-0.024,31.0,0.0,0.0
12951.0,0.28,-22.5,-0.0041,-0.036,-21.0,0.0,0.0
12971.0,0.04,-3.0,-0.0044,-0.012,-2.0,0.0,0.0
12991.0,-0.05,6.1,-0.0045,0.0,7.0,0.0,0.0
13011.0,0.26,17.3,-0.0047,0.0,44.0,0.0,0.0
13031.0,0.52,-0.1,-0.0051,-0.024,30.0,0.0,0.0
13051.0,0.34,-20.0,-0.0056,-0.024,-13.0,0.0,0.0
13071.0,0.11,-1.2,-0.006,-0.012,4.0,0.0,0.0
13091.0,0.14,2.7,-0.0062,-0.012,12.0,0.0,0.0
13111.0,0.26,1.9,-0.0065,-0.012,18.0,0.0,0.0
13131.0,0.35,-7.4,-0.0067,-0.012,7.0,0.0,0.0
13151.0,0.13,-11.9,-0.0071,-0.024,-12.0,0.0,0.0
13171.0,0.07,5.5,-0.0071,0.0,13.0,0.0,0.0
13191.0,0.23,0.3,-0.0072,-0.012,14.0,0.0,0.0
13211.0,0.15,-13.0,-0.0073,0.0,-13.0,0.0,0.0
13231.0,-0.01,-2.7,-0.0074,0.0,-5.0,0.0,0.0
13251.0,0.03,-1.0,-0.0073,0.012,0.0,0.0,0.0
13271.0,0.03,-7.2,-0.0073,0.0,-10.0,0.0,0.0
13291.0,-0.08,-8.0,-0.0073,0.0,-18.0,0.0,0.0
13311.0,-0.2,-8.4,-0.0071,0.012,-25.0,0.0,0.0
13331.0,-0.35,-12.0,-0.0067,0.024,-41.0,0.0,0.0
13351.0,-0.54,-3.2,-0.0062,0.024,-37.0,0.0,0.0
13371.0,-0.51,9.6,-0.0056,0.036,-14.0,0.0,0.0
13391.0,-0.3,5.4,-0.005,0.024,-8.0,0.0,0.0
13411.0,-0.13,4.4,-0.0045,0.024,0.0,0.0,0.0
13431.0,-0.17,-6.4,-0.0041,0.024,-20.0,0.0,0.0
13451.0,-0.36,1.0,-0.0036,0.024,-19.0,0.0,0.0
13471.0,-0.27,5.8,-0.0031,0.024,-6.0,0.0,0.0
13491.0,-0.23,-3.6,-0.0027,0.024,-19.0,0.0,0.0
13511.0,-0.36,2.3,-0.0024,0.012,-17.0,0.0,0.0
13531.0,-0.28,4.3,-0.0019,0.024,-9.0,0.0,0.0
13551.0,-0.28,-1.0,-0.0016,0.012,-18.0,0.0,0.0
13571.0,-0.32,4.5,-0.0012,0.012,-11.0,0.0,0.0
13591.0,-0.26,3.0,-0.0007,0.024,-10.0,0.0,0.0
13611.0,-0.29,1.0,-0.0005,0.012,-15.0,0.0,0.0
13631.0,-0.25,6.0,-0.0001,0.012,-4.0,0.0,0.0
13651.0,-0.18,4.0,0.0001,0.012,-3.0,0.0,0.0
13671.0,-0.15,2.2,0.0004,0.012,-5.0,0.0,0.0
13691.0,-0.12,4.3,0.0006,0.012,0.0,0.0,0.0
13711.0,-0.07,1.3,0.0007,0.012,-1.0,0.0,0.0
13731.0,-0.1,-1.0,0.0007,0.0,-7.0,0.0,0.0
13751.0,-0.13,2.7,0.0008,0.0,-3.0,0.0,0.0
13771.0,-0.1,1.9,0.0008,0.0,-2.0,0.0,0.0
13791.0,-0.11,0.4,0.0008,0.0,-5.0,0.0,0.0
13811.0,-0.1,4.3,0.0008,0.0,1.0,0.0,0.0
13831.0,-0.04,2.3,0.0008,0.0,1.0,0.0,0.0
13851.0,-0.02,4.3,0.0008,0.0,5.0,0.0,0.0
13871.0,0.06,3.5,0.0007,-0.012,9.0,0.0,0.0
13891.0,0.11,4.1,0.0006,-0.012,13.0,0.0,0.0
13911.0,0.19,5.4,0.0002,-0.024,20.0,0.0,0.0
13931.0,0.28,7.0,0.0,-0.012,28.0,0.0,0.0
13951.0,0.41,0.4,-0.0006,-0.036,25.0,0.0,0.0
13971.0,0.28,-20.5,-0.0011,-0.024,-18.0,0.0,0.0
13991.0,-0.07,-7.6,-0.0014,-0.012,-16.0,0.0,0.0
14011.0,-0.19,-2.0,-0.0014,0.0,-14.0,0.0,0.0
14031.0,-0.14,11.0,-0.0013,0.0,10.0,0.0,0.0
14051.0,0.21,14.9,-0.0012,0.0,38.0,0.0,0.0
14071.0,0.42,4.5,-0.0014,-0.012,32.0,0.0,0.0
14091.0,0.53,6.8,-0.0019,-0.024,42.0,0.0,0.0
14111.0,0.94,-8.9,-0.0026,-0.036,40.0,0.0,0.0
14131.0,0.25,-29.3,-0.0033,-0.036,-34.0,0.0,0.0
14151.0,-0.06,-9.0,-0.0037,-0.012,-18.0,0.0,0.0
14171.0,-0.29,8.0,-0.0036,0.012,-3.0,0.0,0.0
14191.0,0.16,18.0,-0.0035,0.012,40.0,0.0,0.0
14211.0,0.38,-0.5,-0.0038,-0.024,21.0,0.0,0.0
14231.0,0.48,-7.0,-0.0042,-0.024,16.0,0.0,0.0
14251.0,0.33,-3.3,-0.0047,-0.024,13.0,0.0,0.0
14271.0,0.2,-11.0,-0.005,-0.012,-7.0,0.0,0.0
14291.0,0.05,-10.4,-0.0053,0.0,-14.0,0.0,0.0
14311.0,-0.04,2.5,-0.0053,0.012,1.0,0.0,0.0
14331.0,0.16,3.2,-0.0053,0.0,14.0,0.0,0.0
14351.0,0.12,-6.0,-0.0053,0.0,-2.0,0.0,0.0
14371.0,0.07,-3.3,-0.0054,0.0,-1.0,0.0,0.0
14391.0,0.06,-2.9,-0.0054,0.0,-1.0,0.0,0.0
14411.0,0.01,-7.0,-0.0054,0.0,-11.0,0.0,0.0
14431.0,-0.1,-6.0,-0.0053,0.012,-15.0,0.0,0.0
14451.0,-0.19,-7.4,-0.0051,0.012,-23.0,0.0,0.0
14471.0,-0.34,-10.1,-0.0048,0.024,-37.0,0.0,0.0
14491.0,-0.48,-7.5,-0.0043,0.024,-41.0,0.0,0.0
14511.0,-0.62,10.9,-0.0037,0.036,-18.0,0.0,0.0
14531.0,-0.18,13.7,-0.0032,0.024,12.0,0.0,0.0
14551.0,-0.17,-5.5,-0.003,0.012,-19.0,0.0,0.0
14571.0,-0.19,-2.9,-0.0027,0.012,-16.0,0.0,0.0
14591.0,-0.35,-9.7,-0.0024,0.024,-37.0,0.0,0.0
14611.0,-0.55,-3.7,-0.002,0.024,-39.0,0.0,0.0
14631.0,-0.51,16.4,-0.0014,0.024,-2.0,0.0,0.0
14651.0,-0.26,1.9,-0.001,0.024,-12.0,0.0,0.0
14671.0,-0.3,-1.3,-0.0005,0.024,-19.0,0.0,0.0
14691.0,-0.3,8.9,-0.0001,0.012,-2.0,0.0,0.0
14711.0,-0.19,0.2,0.0002,0.012,-11.0,0.0,0.0
14731.0,-0.28,-0.6,0.0006,0.012,-17.0,0.0,0.0
14751.0,-0.25,5.4,0.0008,0.012,-5.0,0.0,0.0
14771.0,-0.21,0.2,0.0012,0.012,-11.0,0.0,0.0
14791.0,-0.26,1.3,0.0014,0.012,-13.0,0.0,0.0
14811.0,-0.23,4.4,0.0018,0.012,-6.0,0.0,0.0
14831.0,-0.17,1.4,0.002,0.012,-8.0,0.0,0.0
14851.0,-0.17,1.5,0.0023,0.012,-7.0,0.0,0.0
14871.0,-0.14,3.0,0.0025,0.012,-3.0,0.0,0.0
14891.0,-0.12,0.7,0.0027,0.012,-5.0,0.0,0.0
14911.0,-0.13,0.9,0.0029,0.012,-6.0,0.0,0.0
14931.0,-0.1,2.3,0.003,0.0,-2.0,0.0,0.0
14951.0,-0.07,-0.9,0.0031,0.0,-6.0,0.0,0.0
14971.0,-0.14,-2.2,0.0032,0.012,-11.0,0.0,0.0
14991.0,-0.16,2.0,0.0032,0.0,-6.0,0.0,0.0
15011.0,-0.13,0.8,0.0033,0.0,-6.0,0.0,0.0
15031.0,-0.13,1.8,0.0035,0.0,-4.0,0.0,0.0
15051.0,-0.09,2.0,0.0036,0.0,-2.0,0.0,0.0
15071.0,-0.07,-2.3,0.0036,0.0,-7.0,0.0,0.0
15091.0,-0.12,1.0,0.0037,0.012,-5.0,0.0,0.0
15111.0,-0.07,2.2,0.0037,0.0,0.0,0.0,0.0
15131.0,-0.08,-3.1,0.0037,0.0,-10.0,0.0,0.0
15151.0,-0.14,2.5,0.0037,0.0,-3.0,0.0,0.0
15171.0,-0.05,2.3,0.0038,0.0,0.0,0.0,0.0
15191.0,-0.06,-2.5,0.0038,0.0,-7.0,0.0,0.0
15211.0,-0.08,2.9,0.0038,0.0,0.0,0.0,0.0
15231.0,-0.04,-0.6,0.0038,0.0,-3.0,0.0,0.0
15251.0,-0.06,0.6,0.0038,0.0,-2.0,0.0,0.0
15271.0,-0.02,2.2,0.0038,0.0,2.0,0.0,0.0
15291.0,-0.02,-1.1,0.0038,0.0,-3.0,0.0,0.0
15311.0,-0.04,2.8,0.0038,0.0,2.0,0.0,0.0
15331.0,0.02,0.2,0.0037,0.0,1.0,0.0,0.0
15351.0,0.02,-0.2,0.0037,0.0,1.0,0.0,0.0
15371.0,0.02,2.5,0.0037,0.0,5.0,0.0,0.0
15391.0,0.08,1.1,0.0037,0.0,6.0,0.0,0.0
15411.0,0.1,0.3,0.0036,0.0,6.0,0.0,0.0
15431.0,0.11,0.4,0.0033,-0.012,7.0,0.0,0.0
15451.0,0.12,0.9,0.0031,-0.012,8.0,0.0,0.0
15471.0,0.16,1.9,0.0029,-0.012,12.0,0.0,0.0
15491.0,0.14,-3.2,0.0025,-0.012,3.0,0.0,0.0
15511.0,0.04,-10.7,0.0022,-0.024,-15.0,0.0,0.0
15531.0,-0.19,-4.4,0.0023,0.012,-18.0,0.0,0.0
15551.0,-0.19,2.4,0.0024,0.012,-7.0,0.0,0.0
15571.0,-0.15,0.9,0.0026,0.012,-7.0,0.0,0.0
15591.0,-0.09,4.0,0.0029,0.012,1.0,0.0,0.0
15611.0,-0.0,4.5,0.003,0.0,7.0,0.0,0.0
15631.0,0.06,-2.4,0.0031,0.0,0.0,0.0,0.0
15651.0,0.03,-3.1,0.0031,0.0,-3.0,0.0,0.0
15671.0,-0.01,1.8,0.0031,0.0,2.0,0.0,0.0
15691.0,0.07,-1.5,0.0031,0.0,1.0,0.0,0.0
15711.0,-0.01,-4.3,0.003,0.0,-7.0,0.0,0.0
15731.0,-0.04,1.9,0.003,0.0,1.0,0.0,0.0
15751.0,-0.01,-1.7,0.0031,0.0,-3.0,0.0,0.0
15771.0,-0.07,-3.4,0.0031,0.0,-10.0,0.0,0.0
15791.0,-0.08,1.9,0.0032,0.012,-1.0,0.0,0.0
15811.0,-0.07,-4.5,0.0032,0.0,-11.0,0.0,0.0
15831.0,-0.17,-2.1,0.0032,0.0,-13.0,0.0,0.0
15851.0,-0.2,0.8,0.0033,0.0,-10.0,0.0,0.0
15871.0,-0.18,2.4,0.0035,0.0,-6.0,0.0,0.0
15891.0,-0.12,3.3,0.0037,0.012,-1.0,0.0,0.0
15911.0,-0.09,-2.6,0.0038,0.012,-9.0,0.0,0.0
15931.0,-0.16,0.6,0.0039,0.012,-8.0,0.0,0.0
15951.0,-0.12,3.1,0.0039,0.0,-1.0,0.0,0.0
15971.0,-0.11,-4.5,0.0041,0.0,-14.0,0.0,0.0
15991.0,-0.2,3.0,0.0041,0.0,-6.0,0.0,0.0
16011.0,-0.1,2.9,0.0042,0.0,0.0,0.0,0.0
16031.0,-0.12,-4.1,0.0042,0.0,-14.0,0.0,0.0
16051.0,-0.17,2.5,0.0043,0.0,-5.0,0.0,0.0
16071.0,-0.12,0.4,0.0043,0.0,-6.0,0.0,0.0
16091.0,-0.17,-1.6,0.0044,0.0,-12.0,0.0,0.0
16111.0,-0.15,5.3,0.0045,0.012,0.0,0.0,0.0
16131.0,-0.06,-0.5,0.0045,0.0,-4.0,0.0,0.0
16151.0,-0.13,-0.4,0.0045,0.0,-8.0,0.0,0.0
16171.0,-0.09,4.1,0.0045,0.0,1.0,0.0,0.0
16191.0,-0.06,-2.9,0.0047,0.012,-8.0,0.0,0.0
16211.0,-0.11,3.9,0.0047,0.0,0.0,0.0,0.0
16231.0,-0.0,1.7,0.0047,0.0,2.0,0.0,0.0
16251.0,-0.03,-1.9,0.0047,0.0,-5.0,0.0,0.0
16271.0,-0.02,6.0,0.0048,0.0,8.0,0.0,0.0
16291.0,0.08,-1.1,0.0048,0.0,2.0,0.0,0.0
16311.0,0.07,-0.3,0.0047,0.0,3.0,0.0,0.0
16331.0,0.08,3.0,0.0045,-0.012,10.0,0.0,0.0
16351.0,0.12,2.0,0.0044,-0.012,10.0,0.0,0.0
16371.0,0.16,2.2,0.0042,-0.012,13.0,0.0,0.0
16391.0,0.2,2.5,0.0038,-0.024,16.0,0.0,0.0
16411.0,0.27,-2.2,0.0035,-0.024,12.0,0.0,0.0
16431.0,0.05,-19.2,0.0032,-0.012,-29.0,0.0,0.0
16451.0,-0.16,-4.8,0.0031,0.0,-17.0,0.0,0.0
16471.0,-0.31,-0.4,0.0033,0.012,-18.0,0.0,0.0
16491.0,-0.14,11.1,0.0036,0.012,10.0,0.0,0.0
16511.0,0.05,4.8,0.0037,0.0,11.0,0.0,0.0
16531.0,0.09,-3.1,0.0036,-0.012,0.0,0.0,0.0
16551.0,0.04,-2.3,0.0035,0.0,-1.0,0.0,0.0
16571.0,0.0,-0.6,0.0035,0.0,0.0,0.0,0.0
16591.0,0.01,-0.2,0.0035,0.0,0.0,0.0,0.0
16611.0,0.01,-1.2,0.0035,0.0,-1.0,0.0,0.0
16631.0,-0.0,-2.0,0.0035,0.0,-3.0,0.0,0.0
16651.0,-0.04,-2.2,0.0036,0.012,-6.0,0.0,0.0
16671.0,-0.08,-1.9,0.0037,0.012,-7.0,0.0,0.0
16691.0,-0.1,-1.0,0.0038,0.0,-7.0,0.0,0.0
16711.0,-0.1,2.1,0.0041,0.012,-2.0,0.0,0.0
16731.0,-0.07,-1.6,0.0042,0.0,-6.0,0.0,0.0
16751.0,-0.13,0.5,0.0043,0.0,-6.0,0.0,0.0
16771.0,-0.07,3.3,0.0045,0.012,1.0,0.0,0.0
16791.0,-0.05,-5.2,0.0045,0.0,-11.0,0.0,0.0
16811.0,-0.16,0.7,0.0045,0.0,-8.0,0.0,0.0
16831.0,-0.1,2.0,0.0047,0.0,-2.0,0.0,0.0
16851.0,-0.13,-4.4,0.0048,0.012,-15.0,0.0,0.0
16871.0,-0.21,3.5,0.0049,0.012,-6.0,0.0,0.0
16891.0,-0.13,2.2,0.005,0.012,-4.0,0.0,0.0
16911.0,-0.16,-1.1,0.005,0.0,-11.0,0.0,0.0
16931.0,-0.14,4.7,0.0051,0.0,0.0,0.0,0.0
16951.0,-0.08,-1.8,0.0053,0.012,-7.0,0.0,0.0
16971.0,-0.17,-0.6,0.0053,0.0,-11.0,0.0,0.0
16991.0,-0.13,5.7,0.0054,0.0,2.0,0.0,0.0
17011.0,-0.08,-3.9,0.0054,0.0,-11.0,0.0,0.0
17031.0,-0.19,1.8,0.0054,0.0,-7.0,0.0,0.0
17051.0,-0.09,3.2,0.0055,0.0,0.0,0.0,0.0
17071.0,-0.12,-3.2,0.0055,0.0,-12.0,0.0,0.0
17091.0,-0.13,5.8,0.0055,0.0,1.0,0.0,0.0
17111.0,-0.02,-0.2,0.0055,0.0,-1.0,0.0,0.0
17131.0,-0.08,-0.5,0.0055,0.0,-5.0,0.0,0.0
17151.0,-0.05,5.9,0.0055,0.0,6.0,0.0,0.0
17171.0,-0.0,-3.1,0.0055,0.0,-5.0,0.0,0.0
17191.0,-0.03,3.2,0.0054,0.0,3.0,0.0,0.0
17211.0,0.03,3.4,0.0054,0.0,7.0,0.0,0.0
17231.0,0.07,-1.1,0.0053,-0.012,2.0,0.0,0.0
17251.0,0.05,0.6,0.0051,-0.012,3.0,0.0,0.0
17271.0,0.07,1.8,0.0051,0.0,7.0,0.0,0.0
17291.0,0.1,3.1,0.0049,-0.012,11.0,0.0,0.0
17311.0,0.17,3.1,0.0047,-0.012,15.0,0.0,0.0
17331.0,0.22,2.6,0.0043,-0.012,17.0,0.0,0.0
17351.0,0.22,-10.5,0.0039,-0.024,-4.0,0.0,0.0
17371.0,-0.09,-9.1,0.0037,0.0,-20.0,0.0,0.0
17391.0,-0.18,2.0,0.0037,0.0,-7.0,0.0,0.0
17411.0,-0.09,3.8,0.0039,0.012,1.0,0.0,0.0
17431.0,-0.01,2.6,0.0041,0.012,3.0,0.0,0.0
17451.0,0.03,0.9,0.0041,0.0,3.0,0.0,0.0
17471.0,0.1,1.3,0.0039,0.0,8.0,0.0,0.0
17491.0,0.11,0.8,0.0037,-0.012,7.0,0.0,0.0
17511.0,0.22,-0.7,0.0035,-0.012,11.0,0.0,0.0
17531.0,0.1,-5.6,0.0032,-0.024,-3.0,0.0,0.0
17551.0,0.04,-0.1,0.0031,0.0,2.0,0.0,0.0
17571.0,0.05,-2.8,0.0031,0.0,-1.0,0.0,0.0
17591.0,0.01,1.5,0.0031,0.0,3.0,0.0,0.0
17611.0,0.06,-2.7,0.0031,0.0,-1.0,0.0,0.0
17631.0,-0.0,-0.9,0.0031,0.0,-1.0,0.0,0.0
17651.0,0.03,-0.8,0.0031,0.0,0.0,0.0,0.0
17671.0,-0.01,-3.1,0.0031,0.0,-6.0,0.0,0.0
17691.0,-0.06,-1.5,0.0032,0.012,-6.0,0.0,0.0
17712.0,-0.08,-3.0,0.0032,0.0,-10.0,0.0,0.0
17732.0,-0.15,-3.1,0.0035,0.012,-13.0,0.0,0.0
17752.0,-0.2,-3.5,0.0037,0.012,-18.0,0.0,0.0
17772.0,-0.32,-0.6,0.0041,0.024,-19.0,0.0,0.0
17792.0,-0.26,7.2,0.0044,0.024,-3.0,0.0,0.0
17812.0,-0.16,4.6,0.0048,0.024,-1.0,0.0,0.0
17832.0,-0.02,5.7,0.005,0.012,8.0,0.0,0.0
17852.0,0.04,-5.7,0.005,0.0,-7.0,0.0,0.0
17872.0,-0.13,-4.9,0.005,0.0,-16.0,0.0,0.0
17892.0,-0.15,4.4,0.0051,0.0,-1.0,0.0,0.0
17912.0,-0.12,-1.5,0.0053,0.012,-9.0,0.0,0.0
17932.0,-0.19,2.1,0.0054,0.012,-7.0,0.0,0.0
17952.0,-0.11,3.5,0.0055,0.012,0.0,0.0,0.0
17972.0,-0.12,-3.3,0.0055,0.0,-12.0,0.0,0.0
17992.0,-0.18,3.8,0.0055,0.0,-4.0,0.0,0.0
18012.0,-0.1,0.2,0.0056,0.012,-5.0,0.0,0.0
18032.0,-0.14,1.2,0.0056,0.0,-6.0,0.0,0.0
18052.0,-0.09,3.5,0.0057,0.0,0.0,0.0,0.0
18072.0,-0.06,-1.1,0.0057,0.0,-5.0,0.0,0.0
18092.0,-0.08,4.1,0.0057,0.0,2.0,0.0,0.0
18112.0,-0.01,0.3,0.0057,0.0,0.0,0.0,0.0
18132.0,-0.02,1.2,0.0056,0.0,0.0,0.0,0.0
18152.0,0.01,3.3,0.0056,0.0,5.0,0.0,0.0
18172.0,0.06,2.3,0.0055,-0.012,7.0,0.0,0.0
18192.0,0.1,2.5,0.0054,0.0,10.0,0.0,0.0
18212.0,0.16,3.3,0.0051,-0.012,15.0,0.0,0.0
18232.0,0.19,2.9,0.0048,-0.024,16.0,0.0,0.0
18252.0,0.37,0.5,0.0044,-0.012,23.0,0.0,0.0
18272.0,0.14,-15.7,0.0039,-0.024,-18.0,0.0,0.0
18292.0,-0.03,-3.1,0.0038,-0.012,-6.0,0.0,0.0
18312.0,-0.13,2.9,0.0039,0.0,-3.0,0.0,0.0
18332.0,0.02,5.5,0.0041,0.0,10.0,0.0,0.0
18352.0,0.09,0.8,0.0039,0.0,6.0,0.0,0.0
18372.0,0.12,0.9,0.0038,-0.012,8.0,0.0,0.0
18392.0,0.21,-0.6,0.0036,-0.012,11.0,0.0,0.0
18412.0,0.15,-7.8,0.0033,-0.012,-4.0,0.0,0.0
18432.0,0.0,-7.0,0.0032,-0.012,-11.0,0.0,0.0
18452.0,-0.01,-0.9,0.0032,0.0,-2.0,0.0,0.0
18472.0,-0.03,-0.4,0.0033,0.012,-2.0,0.0,0.0
18492.0,-0.02,-2.2,0.0035,0.012,-4.0,0.0,0.0
18512.0,-0.03,-2.9,0.0035,0.0,-6.0,0.0,0.0
18532.0,-0.09,-3.2,0.0036,0.012,-10.0,0.0,0.0
18552.0,-0.12,-2.1,0.0037,0.012,-10.0,0.0,0.0
18572.0,-0.22,0.1,0.0039,0.0,-12.0,0.0,0.0
18592.0,-0.14,2.0,0.0042,0.012,-4.0,0.0,0.0
18612.0,-0.18,-2.1,0.0044,0.012,-14.0,0.0,0.0
18632.0,-0.2,4.1,0.0048,0.024,-5.0,0.0,0.0
18652.0,-0.06,4.1,0.005,0.012,3.0,0.0,0.0
18672.0,-0.04,-6.1,0.005,0.0,-12.0,0.0,0.0
18692.0,-0.19,-3.7,0.005,0.0,-17.0,0.0,0.0
18712.0,-0.26,1.2,0.0053,0.012,-13.0,0.0,0.0
18732.0,-0.22,2.6,0.0054,0.0,-8.0,0.0,0.0
18752.0,-0.19,2.7,0.0056,0.012,-6.0,0.0,0.0
18772.0,-0.16,2.7,0.0057,0.0,-4.0,0.0,0.0
18792.0,-0.14,3.2,0.006,0.012,-2.0,0.0,0.0
18812.0,-0.11,2.4,0.0061,0.012,-2.0,0.0,0.0
18832.0,-0.1,-0.9,0.0061,0.0,-7.0,0.0,0.0
18852.0,-0.13,2.8,0.0061,0.0,-2.0,0.0,0.0
18872.0,-0.07,1.3,0.0062,0.0,-1.0,0.0,0.0
18892.0,-0.11,0.1,0.0062,0.0,-6.0,0.0,0.0
18912.0,-0.08,4.8,0.0062,0.0,3.0,0.0,0.0
18932.0,-0.04,-0.9,0.0062,0.0,-3.0,0.0,0.0
18952.0,-0.05,3.4,0.0063,0.012,2.0,0.0,0.0
18972.0,0.05,4.9,0.0062,-0.012,11.0,0.0,0.0
18992.0,0.08,0.1,0.0061,-0.012,4.0,0.0,0.0
19012.0,0.09,1.7,0.006,-0.012,7.0,0.0,0.0
19032.0,0.14,2.7,0.0057,-0.012,12.0,0.0,0.0
19052.0,0.18,4.3,0.0054,-0.012,18.0,0.0,0.0
19072.0,0.31,3.9,0.005,-0.024,25.0,0.0,0.0
19092.0,0.28,-16.8,0.0045,-0.024,-12.0,0.0,0.0
19112.0,-0.01,-7.4,0.0043,0.0,-13.0,0.0,0.0
19132.0,-0.16,-0.3,0.0043,0.0,-10.0,0.0,0.0
19152.0,-0.03,6.9,0.0044,0.0,10.0,0.0,0.0
19172.0,0.06,2.6,0.0043,-0.012,8.0,0.0,0.0
19192.0,0.15,1.6,0.0042,-0.012,11.0,0.0,0.0
19212.0,0.16,0.5,0.0039,-0.012,10.0,0.0,0.0
19232.0,0.21,-6.8,0.0037,-0.012,1.0,0.0,0.0
19252.0,-0.05,-10.3,0.0035,-0.012,-20.0,0.0,0.0
19272.0,-0.08,0.1,0.0035,0.0,-4.0,0.0,0.0
19292.0,-0.12,-0.6,0.0036,0.012,-8.0,0.0,0.0
19312.0,-0.1,-0.6,0.0037,0.0,-6.0,0.0,0.0
19332.0,-0.11,-3.2,0.0039,0.012,-12.0,0.0,0.0
19352.0,-0.15,0.1,0.0042,0.012,-8.0,0.0,0.0
19372.0,-0.1,4.4,0.0045,0.012,1.0,0.0,0.0
19392.0,-0.06,-1.5,0.0048,0.012,-6.0,0.0,0.0
19412.0,-0.04,3.1,0.0049,0.012,2.0,0.0,0.0
19432.0,0.02,-1.0,0.005,0.0,0.0,0.0,0.0
19452.0,-0.06,-7.9,0.005,0.0,-17.0,0.0,0.0
19472.0,-0.2,1.4,0.0051,0.012,-9.0,0.0,0.0
19492.0,-0.15,-1.2,0.0053,0.012,-10.0,0.0,0.0
19512.0,-0.21,0.1,0.0054,0.012,-12.0,0.0,0.0
19532.0,-0.15,3.7,0.0055,0.0,-2.0,0.0,0.0
19552.0,-0.12,-2.3,0.0057,0.012,-11.0,0.0,0.0
19572.0,-0.18,2.8,0.0059,0.012,-6.0,0.0,0.0
19592.0,-0.12,0.8,0.006,0.012,-5.0,0.0,0.0
19612.0,-0.17,-1.5,0.0061,0.012,-12.0,0.0,0.0
19632.0,-0.15,4.8,0.0062,0.0,0.0,0.0,0.0
19652.0,-0.08,0.0,0.0063,0.0,-4.0,0.0,0.0
19672.0,-0.13,-1.1,0.0065,0.012,-9.0,0.0,0.0
19692.0,-0.12,2.8,0.0066,0.012,-2.0,0.0,0.0
19712.0,-0.09,-1.5,0.0066,0.0,-7.0,0.0,0.0
19732.0,-0.16,-0.9,0.0067,0.012,-10.0,0.0,0.0
19752.0,-0.16,1.9,0.0067,0.0,-6.0,0.0,0.0
19772.0,-0.15,0.3,0.0067,0.0,-8.0,0.0,0.0
19792.0,-0.14,3.3,0.0068,0.0,-2.0,0.0,0.0
19812.0,-0.08,0.3,0.0069,0.0,-3.0,0.0,0.0
19832.0,-0.12,-0.9,0.0069,0.0,-8.0,0.0,0.0
19852.0,-0.09,3.6,0.0069,0.0,0.0,0.0,0.0
19872.0,-0.07,-2.6,0.0069,0.0,-8.0,0.0,0.0
19892.0,-0.12,2.4,0.0071,0.012,-3.0,0.0,0.0
19912.0,-0.05,1.8,0.0071,0.0,0.0,0.0,0.0
19932.0,-0.07,-0.8,0.0071,0.0,-5.0,0.0,0.0
19952.0,-0.05,3.6,0.0071,0.0,3.0,0.0,0.0
19972.0,-0.0,-1.2,0.0071,0.0,-2.0,0.0,0.0
19992.0,-0.06,1.3,0.0071,0.0,-1.0,0.0,0.0
20012.0,0.02,3.2,0.0071,0.0,6.0,0.0,0.0
20032.0,0.04,0.5,0.0069,-0.012,3.0,0.0,0.0
20052.0,0.05,1.2,0.0068,-0.012,4.0,0.0,0.0
20072.0,0.08,1.7,0.0067,-0.012,7.0,0.0,0.0
20092.0,0.11,3.0,0.0063,-0.024,11.0,0.0,0.0
20112.0,0.16,3.8,0.0061,-0.012,16.0,0.0,0.0
20132.0,0.1,-6.3,0.0057,-0.024,-4.0,0.0,0.0
20152.0,-0.0,-5.9,0.0055,-0.012,-10.0,0.0,0.0
20172.0,-0.11,1.5,0.0055,0.0,-4.0,0.0,0.0
20192.0,-0.01,5.7,0.0056,0.0,9.0,0.0,0.0
20212.0,0.11,3.5,0.0056,0.0,12.0,0.0,0.0
20232.0,0.18,-0.1,0.0054,-0.012,10.0,0.0,0.0
20252.0,0.15,-2.5,0.0051,-0.024,4.0,0.0,0.0
20272.0,0.12,-3.6,0.0049,-0.012,1.0,0.0,0.0
20292.0,0.01,-7.0,0.0048,0.0,-10.0,0.0,0.0
20312.0,-0.01,4.5,0.0048,0.0,6.0,0.0,0.0
20332.0,0.13,2.0,0.0047,-0.012,10.0,0.0,0.0
20352.0,0.13,-6.2,0.0045,-0.012,-2.0,0.0,0.0
20372.0,0.04,-2.7,0.0044,-0.012,-2.0,0.0,0.0
20392.0,0.03,1.7,0.0044,0.0,4.0,0.0,0.0
20412.0,0.12,-1.3,0.0044,0.0,4.0,0.0,0.0
20432.0,0.03,-7.0,0.0043,0.0,-10.0,0.0,0.0
20452.0,-0.02,0.7,0.0044,0.0,0.0,0.0,0.0
20472.0,-0.01,-1.9,0.0044,0.0,-3.0,0.0,0.0
20492.0,-0.05,-4.6,0.0045,0.0,-10.0,0.0,0.0
20512.0,-0.13,-4.4,0.0047,0.012,-15.0,0.0,0.0
20532.0,-0.18,-3.3,0.0049,0.012,-16.0,0.0,0.0
20552.0,-0.24,-4.2,0.0051,0.012,-21.0,0.0,0.0
20572.0,-0.29,1.1,0.0056,0.024,-15.0,0.0,0.0
20592.0,-0.2,7.6,0.006,0.024,0.0,0.0,0.0
20612.0,-0.05,3.3,0.0062,0.012,2.0,0.0,0.0
20632.0,-0.01,1.2,0.0065,0.012,1.0,0.0,0.0
20652.0,-0.1,-6.0,0.0066,0.012,-15.0,0.0,0.0
20672.0,-0.18,4.2,0.0067,0.012,-3.0,0.0,0.0
20692.0,-0.1,1.9,0.0068,0.0,-2.0,0.0,0.0
20712.0,-0.15,-4.1,0.0069,0.0,-16.0,0.0,0.0
20732.0,-0.23,3.7,0.0071,0.012,-7.0,0.0,0.0
20752.0,-0.15,2.8,0.0072,0.0,-4.0,0.0,0.0
20772.0,-0.19,0.6,0.0073,0.0,-9.0,0.0,0.0
20792.0,-0.15,6.5,0.0074,0.012,2.0,0.0,0.0
20812.0,-0.07,0.6,0.0075,0.012,-2.0,0.0,0.0
20832.0,-0.11,2.1,0.0075,0.0,-3.0,0.0,0.0
20852.0,-0.07,4.7,0.0075,0.0,3.0,0.0,0.0
20872.0,-0.02,2.2,0.0075,0.0,2.0,0.0,0.0
20892.0,0.02,6.7,0.0074,-0.012,12.0,0.0,0.0
20912.0,0.12,5.5,0.0074,0.0,16.0,0.0,0.0
20932.0,0.2,6.6,0.0071,-0.024,22.0,0.0,0.0
20952.0,0.32,8.5,0.0067,-0.024,33.0,0.0,0.0
20972.0,0.46,5.6,0.0061,-0.036,36.0,0.0,0.0
20992.0,0.33,-22.3,0.0055,-0.036,-18.0,0.0,0.0
21012.0,-0.07,-7.0,0.0051,-0.012,-15.0,0.0,0.0
21032.0,-0.15,2.4,0.0051,0.0,-4.0,0.0,0.0
21052.0,-0.0,14.7,0.0053,0.0,24.0,0.0,0.0
21072.0,0.35,12.1,0.0051,-0.012,41.0,0.0,0.0
21092.0,0.65,2.5,0.0048,-0.024,43.0,0.0,0.0
21112.0,0.59,-12.0,0.0041,-0.036,14.0,0.0,0.0
21132.0,0.28,-17.5,0.0035,-0.036,-13.0,0.0,0.0
21152.0,-0.0,-10.6,0.0032,-0.012,-18.0,0.0,0.0
21172.0,-0.21,1.8,0.0032,0.012,-9.0,0.0,0.0
21192.0,0.03,10.4,0.0033,0.012,19.0,0.0,0.0
21212.0,0.21,4.7,0.0032,0.0,20.0,0.0,0.0
21232.0,0.26,-7.0,0.0029,-0.012,3.0,0.0,0.0
21252.0,0.17,-1.0,0.0026,-0.012,8.0,0.0,0.0
21272.0,0.2,-9.0,0.0024,-0.012,-3.0,0.0,0.0
21292.0,-0.03,-7.8,0.0023,0.0,-15.0,0.0,0.0
21312.0,-0.06,3.2,0.0024,0.012,1.0,0.0,0.0
21332.0,0.03,0.1,0.0025,0.012,1.0,0.0,0.0
21352.0,0.04,-4.5,0.0025,0.0,-5.0,0.0,0.0
21372.0,-0.01,-4.1,0.0026,0.0,-7.0,0.0,0.0
21392.0,-0.07,-4.2,0.0027,0.012,-11.0,0.0,0.0
21412.0,-0.14,-6.0,0.0029,0.012,-18.0,0.0,0.0
21432.0,-0.22,-2.5,0.0032,0.024,-17.0,0.0,0.0
21452.0,-0.19,0.1,0.0035,0.012,-10.0,0.0,0.0
21472.0,-0.23,-2.0,0.0038,0.012,-17.0,0.0,0.0
21492.0,-0.19,6.4,0.0041,0.012,0.0,0.0,0.0
21512.0,-0.11,-2.5,0.0044,0.012,-10.0,0.0,0.0
21532.0,-0.19,-3.3,0.0047,0.012,-16.0,0.0,0.0
21552.0,-0.17,3.2,0.005,0.012,-4.0,0.0,0.0
21572.0,-0.16,-4.6,0.0053,0.012,-17.0,0.0,0.0
21592.0,-0.27,0.9,0.0056,0.024,-14.0,0.0,0.0
21612.0,-0.24,1.1,0.0059,0.012,-12.0,0.0,0.0
21632.0,-0.25,-1.6,0.0062,0.024,-17.0,0.0,0.0
21652.0,-0.26,3.0,0.0065,0.012,-10.0,0.0,0.0
21672.0,-0.25,0.1,0.0068,0.012,-14.0,0.0,0.0
21692.0,-0.27,1.0,0.0072,0.012,-14.0,0.0,0.0
21712.0,-0.26,3.4,0.0075,0.024,-9.0,0.0,0.0
21732.0,-0.27,2.3,0.0078,0.012,-12.0,0.0,0.0
21752.0,-0.27,2.4,0.0081,0.012,-11.0,0.0,0.0
21772.0,-0.23,5.0,0.0084,0.012,-5.0,0.0,0.0
21792.0,-0.17,4.1,0.0086,0.012,-3.0,0.0,0.0
21812.0,-0.15,2.1,0.0088,0.012,-5.0,0.0,0.0
21832.0,-0.14,5.0,0.009,0.0,0.0,0.0,0.0
21852.0,-0.07,2.2,0.0091,0.0,0.0,0.0,0.0
21872.0,-0.1,0.2,0.0092,0.0,-5.0,0.0,0.0
21892.0,-0.09,4.5,0.0092,0.0,1.0,0.0,0.0
21912.0,-0.04,1.1,0.0092,0.0,0.0,0.0,0.0
21932.0,-0.05,3.2,0.0091,0.0,2.0,0.0,0.0
21952.0,0.02,5.6,0.0091,0.0,10.0,0.0,0.0
21972.0,0.12,4.0,0.009,-0.012,14.0,0.0,0.0
21992.0,0.18,4.1,0.0087,-0.012,17.0,0.0,0.0
22012.0,0.26,4.9,0.0084,-0.024,23.0,0.0,0.0
22032.0,0.29,4.4,0.008,-0.024,24.0,0.0,0.0
22052.0,0.5,-4.6,0.0074,-0.024,21.0,0.0,0.0
22072.0,0.07,-16.3,0.0069,-0.024,-23.0,0.0,0.0
22092.0,-0.02,-2.0,0.0068,0.0,-4.0,0.0,0.0
22112.0,-0.05,7.3,0.0067,0.0,9.0,0.0,0.0
22132.0,0.12,11.6,0.0067,-0.012,26.0,0.0,0.0
22152.0,0.36,6.1,0.0065,-0.024,31.0,0.0,0.0
22172.0,0.37,-6.7,0.0061,-0.024,10.0,0.0,0.0
22192.0,0.36,-1.0,0.0056,-0.024,19.0,0.0,0.0
22212.0,0.26,-14.2,0.0051,-0.024,-8.0,0.0,0.0
22232.0,0.04,-4.7,0.0049,-0.012,-5.0,0.0,0.0
22252.0,-0.03,3.9,0.0049,0.0,4.0,0.0,0.0
22272.0,0.2,8.1,0.0048,-0.012,25.0,0.0,0.0
22292.0,0.32,-2.8,0.0045,-0.012,14.0,0.0,0.0
22312.0,0.22,-14.8,0.0042,-0.012,-12.0,0.0,0.0
22332.0,0.01,0.3,0.0041,0.0,1.0,0.0,0.0
22352.0,0.08,3.9,0.0041,0.0,11.0,0.0,0.0
22372.0,0.2,-5.9,0.0039,-0.012,2.0,0.0,0.0
22392.0,-0.01,-7.6,0.0038,-0.012,-13.0,0.0,0.0
22412.0,0.01,2.2,0.0039,0.012,4.0,0.0,0.0
22432.0,0.05,-3.7,0.0039,0.0,-3.0,0.0,0.0
22452.0,-0.03,-6.8,0.0041,0.012,-13.0,0.0,0.0
22472.0,-0.13,-5.9,0.0042,0.012,-17.0,0.0,0.0
22492.0,-0.21,-6.5,0.0043,0.012,-23.0,0.0,0.0
22512.0,-0.32,-8.0,0.0047,0.012,-32.0,0.0,0.0
22532.0,-0.5,-0.6,0.0051,0.024,-30.0,0.0,0.0
22552.0,-0.39,8.5,0.0056,0.024,-8.0,0.0,0.0
22572.0,-0.24,6.4,0.0061,0.024,-3.0,0.0,0.0
22592.0,-0.04,7.1,0.0066,0.024,9.0,0.0,0.0
22612.0,-0.1,-9.6,0.0068,0.012,-22.0,0.0,0.0
22632.0,-0.28,-7.7,0.0069,0.012,-29.0,0.0,0.0
22652.0,-0.41,5.1,0.0073,0.012,-15.0,0.0,0.0
22672.0,-0.23,3.6,0.0076,0.024,-7.0,0.0,0.0
22692.0,-0.24,-1.8,0.0079,0.012,-17.0,0.0,0.0
22712.0,-0.29,5.1,0.0082,0.012,-8.0,0.0,0.0
22732.0,-0.2,4.1,0.0085,0.012,-4.0,0.0,0.0
22752.0,-0.22,2.1,0.0088,0.012,-9.0,0.0,0.0
22772.0,-0.18,5.3,0.0091,0.012,-1.0,0.0,0.0
22792.0,-0.14,2.0,0.0092,0.0,-5.0,0.0,0.0
22812.0,-0.17,0.1,0.0093,0.0,-9.0,0.0,0.0
22832.0,-0.15,6.1,0.0094,0.0,1.0,0.0,0.0
22852.0,-0.06,1.2,0.0096,0.0,-1.0,0.0,0.0
22872.0,-0.1,0.5,0.0096,0.0,-4.0,0.0,0.0
22892.0,-0.07,4.8,0.0097,0.0,4.0,0.0,0.0
22912.0,-0.02,-1.1,0.0097,0.0,-3.0,0.0,0.0
22932.0,-0.06,4.3,0.0097,0.0,3.0,0.0,0.0
22952.0,0.04,4.2,0.0096,-0.012,9.0,0.0,0.0
22972.0,0.07,1.9,0.0094,-0.012,7.0,0.0,0.0
22992.0,0.11,3.3,0.0093,-0.012,12.0,0.0,0.0
23012.0,0.16,3.9,0.009,-0.012,16.0,0.0,0.0
23032.0,0.23,5.9,0.0086,-0.024,23.0,0.0,0.0
23052.0,0.44,0.5,0.0081,-0.036,26.0,0.0,0.0
23072.0,0.28,-19.9,0.0076,-0.024,-17.0,0.0,0.0
23092.0,-0.05,-7.0,0.0073,-0.012,-14.0,0.0,0.0
23112.0,-0.24,-0.5,0.0073,0.0,-15.0,0.0,0.0
23132.0,-0.07,15.9,0.0075,0.012,23.0,0.0,0.0
23152.0,0.24,8.8,0.0074,-0.012,29.0,0.0,0.0
23172.0,0.37,4.6,0.0071,-0.024,29.0,0.0,0.0
23192.0,0.33,-10.2,0.0066,-0.036,2.0,0.0,0.0
23212.0,0.17,-9.5,0.0062,-0.012,-6.0,0.0,0.0
23232.0,-0.03,-3.0,0.006,0.0,-6.0,0.0,0.0
23252.0,0.03,2.0,0.0059,0.0,5.0,0.0,0.0
23272.0,0.11,3.4,0.0059,0.0,12.0,0.0,0.0
23292.0,0.21,2.5,0.0056,-0.012,16.0,0.0,0.0
23312.0,0.2,-4.2,0.0054,-0.012,4.0,0.0,0.0
23332.0,0.1,-9.1,0.0051,-0.012,-9.0,0.0,0.0
23352.0,-0.0,-0.6,0.005,0.0,0.0,0.0,0.0
23372.0,0.06,3.3,0.005,0.0,8.0,0.0,0.0
23392.0,0.13,-2.8,0.0049,-0.012,3.0,0.0,0.0
23412.0,0.07,-7.4,0.0048,0.0,-8.0,0.0,0.0
23432.0,-0.03,-1.1,0.0048,0.0,-3.0,0.0,0.0
23452.0,-0.0,0.5,0.0049,0.0,0.0,0.0,0.0
23472.0,-0.01,-4.9,0.0049,0.0,-9.0,0.0,0.0
23492.0,-0.09,-4.5,0.005,0.0,-12.0,0.0,0.0
23512.0,-0.15,-4.1,0.0053,0.012,-16.0,0.0,0.0
23532.0,-0.22,-5.6,0.0055,0.012,-22.0,0.0,0.0
23552.0,-0.32,-2.0,0.0059,0.024,-22.0,0.0,0.0
23572.0,-0.25,5.0,0.0062,0.012,-6.0,0.0,0.0
23592.0,-0.18,3.1,0.0066,0.012,-5.0,0.0,0.0
23612.0,-0.1,4.2,0.0069,0.024,1.0,0.0,0.0
23632.0,-0.1,-2.7,0.0072,0.012,-10.0,0.0,0.0
23652.0,-0.16,-2.1,0.0074,0.012,-13.0,0.0,0.0
23672.0,-0.18,2.7,0.0075,0.0,-5.0,0.0,0.0
23692.0,-0.18,-0.4,0.0078,0.012,-11.0,0.0,0.0
23712.0,-0.23,1.8,0.008,0.012,-10.0,0.0,0.0
23732.0,-0.21,2.7,0.0082,0.012,-7.0,0.0,0.0
23752.0,-0.21,1.6,0.0085,0.012,-9.0,0.0,0.0
23772.0,-0.18,4.0,0.0087,0.012,-3.0,0.0,0.0
23792.0,-0.13,1.7,0.0088,0.012,-4.0,0.0,0.0
23812.0,-0.13,3.0,0.0091,0.012,-2.0,0.0,0.0
23832.0,-0.09,1.3,0.0091,0.0,-3.0,0.0,0.0
23852.0,-0.14,-0.3,0.0092,0.0,-8.0,0.0,0.0
23872.0,-0.14,3.7,0.0092,0.0,-2.0,0.0,0.0
23892.0,-0.1,-0.3,0.0093,0.0,-6.0,0.0,0.0
23912.0,-0.15,2.6,0.0093,0.0,-4.0,0.0,0.0
23932.0,-0.08,4.5,0.0093,0.0,2.0,0.0,0.0
23952.0,-0.06,0.8,0.0093,0.0,-1.0,0.0,0.0
23972.0,-0.02,5.8,0.0093,0.0,8.0,0.0,0.0
23992.0,0.06,2.5,0.0093,0.0,7.0,0.0,0.0
24012.0,0.1,3.1,0.0091,-0.012,11.0,0.0,0.0
24032.0,0.14,3.3,0.0088,-0.012,13.0,0.0,0.0
24052.0,0.22,5.0,0.0085,-0.024,21.0,0.0,0.0
24072.0,0.36,6.0,0.0081,-0.024,31.0,0.0,0.0
24092.0,0.62,-8.7,0.0075,-0.036,22.0,0.0,0.0
24112.0,0.18,-19.1,0.0071,-0.024,-21.0,0.0,0.0
24132.0,0.03,-3.1,0.0068,-0.012,-3.0,0.0,0.0
24152.0,-0.08,6.2,0.0068,0.0,5.0,0.0,0.0
24172.0,0.13,10.5,0.0069,0.0,25.0,0.0,0.0
24192.0,0.39,3.0,0.0066,-0.024,28.0,0.0,0.0
24212.0,0.31,-7.9,0.0062,-0.024,4.0,0.0,0.0
24232.0,0.37,-3.9,0.0057,-0.024,15.0,0.0,0.0
24252.0,0.22,-14.3,0.0054,-0.012,-11.0,0.0,0.0
24272.0,0.0,-3.0,0.0051,-0.012,-4.0,0.0,0.0
24292.0,0.01,5.0,0.0051,0.0,9.0,0.0,0.0
24312.0,0.18,1.5,0.0051,0.0,13.0,0.0,0.0
24332.0,0.11,-10.9,0.0049,-0.012,-11.0,0.0,0.0
24352.0,-0.05,-0.3,0.005,0.012,-3.0,0.0,0.0
24372.0,-0.01,-0.1,0.0051,0.012,0.0,0.0,0.0
24392.0,-0.0,-5.2,0.0053,0.012,-9.0,0.0,0.0
24412.0,-0.08,-5.5,0.0053,0.0,-14.0,0.0,0.0
24432.0,-0.18,-5.9,0.0055,0.012,-20.0,0.0,0.0
24452.0,-0.27,-6.7,0.0059,0.024,-27.0,0.0,0.0
24472.0,-0.34,1.5,0.0062,0.024,-18.0,0.0,0.0
24492.0,-0.32,2.2,0.0067,0.024,-15.0,0.0,0.0
24512.0,-0.27,5.8,0.0071,0.024,-5.0,0.0,0.0
24532.0,-0.15,4.0,0.0074,0.024,-1.0,0.0,0.0
24552.0,-0.18,-3.3,0.0078,0.024,-16.0,0.0,0.0
24572.0,-0.27,2.9,0.008,0.012,-11.0,0.0,0.0
24592.0,-0.19,2.8,0.0084,0.024,-6.0,0.0,0.0
24612.0,-0.25,-1.7,0.0086,0.012,-17.0,0.0,0.0
24632.0,-0.24,6.1,0.0088,0.012,-3.0,0.0,0.0
24652.0,-0.17,0.4,0.0091,0.012,-9.0,0.0,0.0
24672.0,-0.23,1.5,0.0093,0.012,-11.0,0.0,0.0
24692.0,-0.16,5.0,0.0096,0.012,0.0,0.0,0.0
24712.0,-0.15,-2.1,0.0098,0.012,-12.0,0.0,0.0
24732.0,-0.19,3.8,0.0099,0.0,-4.0,0.0,0.0
24752.0,-0.13,2.5,0.0102,0.012,-3.0,0.0,0.0
24772.0,-0.13,-0.3,0.0103,0.012,-8.0,0.0,0.0
24792.0,-0.11,4.3,0.0104,0.012,0.0,0.0,0.0
24812.0,-0.06,-2.1,0.0104,0.0,-7.0,0.0,0.0
24832.0,-0.14,-1.4,0.0105,0.0,-10.0,0.0,0.0
24852.0,-0.12,4.9,0.0105,0.0,1.0,0.0,0.0
24872.0,-0.06,-1.8,0.0106,0.0,-6.0,0.0,0.0
24892.0,-0.13,-0.1,0.0106,0.0,-8.0,0.0,0.0
24912.0,-0.09,2.1,0.0108,0.012,-1.0,0.0,0.0
24932.0,-0.1,-2.3,0.0108,0.0,-9.0,0.0,0.0
24952.0,-0.13,3.7,0.0108,0.0,-1.0,0.0,0.0
24972.0,-0.06,-0.3,0.0108,0.0,-3.0,0.0,0.0
24992.0,-0.11,1.4,0.0108,0.0,-3.0,0.0,0.0
25012.0,-0.03,4.1,0.0108,0.0,4.0,0.0,0.0
25032.0,-0.03,-1.3,0.0106,-0.012,-4.0,0.0,0.0
25052.0,-0.01,4.4,0.0106,0.0,6.0,0.0,0.0
25072.0,0.06,1.0,0.0106,0.0,5.0,0.0,0.0
25092.0,0.08,1.1,0.0105,0.0,6.0,0.0,0.0
25112.0,0.1,1.8,0.0103,-0.012,8.0,0.0,0.0
25132.0,0.14,2.4,0.01,-0.012,12.0,0.0,0.0
25152.0,0.16,2.1,0.0097,-0.024,12.0,0.0,0.0
25172.0,0.31,-1.0,0.0093,-0.024,16.0,0.0,0.0
25192.0,0.16,-14.7,0.009,-0.012,-15.0,0.0,0.0
25212.0,-0.09,-5.3,0.0088,0.0,-14.0,0.0,0.0
